smiles,lable
COC1=CC=C(C=C1)CCCOC(CN2C=CN=C2)C3=CC=C(C=C3)OC.Cl,1
C[C@@H](C(=O)N[C@H]1C2=CC=CC=C2CCN(C1=O)C)NC(=O)[C@H](C(C)C)O,1
CNC1=C2C(=NC=N1)N(C=N2)CC3=CC=CC=C3F,1
COC1=C(C(=C(C=C1)F)F)C(=O)C2=CN=C(N=C2N)NC3CCN(CC3)S(=O)(=O)C,1
C1CNCCC1CCC2=CC(=NC3=CC=CC=C32)C4=CC=CC=C4,1
C1=CC=C(C=C1)OCCCCOC2=C3C=CC(=O)OC3=CC4=C2C=CO4,1
CC1=CN(C=N1)C2=C(C=C(C=C2)/C=C/3\CCCN(C3=O)[C@@H](C)C4=CC=C(C=C4)F)OC,1
CN1C2=C(C(=O)N(C1=O)C)N(C(=N2)N[C@@H](CO)C3=CC(=C(C=C3)OC)OC)CCOC,1
C1C2CNCC1C3=CC4=NC=CN=C4C=C23,1
C1C2CNCC1C3=CC4=NC=CN=C4C=C23.Cl,1
CN1C=C(C2=CC=CC=C21)C3=C(C(=O)NC3=O)C4=CC(=CC=C4)N,1
C1C2CNCC1C3=CC4=NC=CN=C4C=C23.[C@@H]([C@H](C(=O)O)O)(C(=O)O)O,1
C1CC(CN(C1)CCC=C(C2=CC=CC=C2)C3=CC=CC=C3)C(=O)O.Cl,1
COC1=CC=C(C=C1)CNCC2=CC=CC3=CC=CC=C32.Cl,1
C1CN2C(=O)[C@@H](N=C(C3=CC(=CC1=C32)N)C4=CC=CC=C4)NC(=O)C5=CN=CC=C5,1
C1CN(CCC1NC(=O)C2=CC(=O)C3=C(O2)C=CC(=C3)F)CC4=CC5=C(C=C4)OCO5,1
CCC1=C2C3=CC(=C(C=C3NC2=CN=C1C(=O)OC)OC)OC.Cl,1
CC1=CC(=NO1)C2=NN=CC3=C(C(=NN32)OCC4=NC=NN4C)C(C)(C)C,1
CC1=CN(C=N1)C2=C(C=C(C=C2)NC3=NC4=C(S3)CCCC4C5=CC=CC=C5)OC.Cl,1
C1=CC(=C(C=C1NCC2=C(C(=CC(=C2)Cl)Cl)O)O)C(=O)O,1
C1=CC2=NNN=C2C=C1NCC3=C(C(=CC(=C3)Cl)Cl)O,1
C1CC1C(C2CC2)NC3=NCCO3.C1CC1C(C2CC2)NC3=NCCO3.C(=C/C(=O)O)\C(=O)O,1
C1[C@@H]2[C@H]([C@H]([C@@H](O2)N3C=NC4=C(N=CN=C43)N)O)OP(=S)(O1)[O-].[Na+],1
CC(=O)OCOC(=O)CN(CC(=O)OCOC(=O)C)C1=CC=CC=C1OCCOC2=CC=CC=C2N(CC(=O)OCOC(=O)C)CC(=O)OCOC(=O)C,1
CCC1=CN=C(C=C1)C(=O)COC2=CC=C(C=C2)CC3C(=O)NC(=O)S3,1
CCC(=O)C1=C(C=C(C=C1O)O)O,1
CC1(OC[C@H](O1)COC(=O)CCC2=CC=C(C=C2)OC[C@H](CNCCNC(=O)N3CCOCC3)O)C.Cl,1
C[C@@H](C/C=C/C1=CC(=CN=C1)OC(C)C)NC,1
C1CC1COC2=C(C=CC(=C2)C(=O)N=C3C(=CN(C=C3Cl)O)Cl)OC(F)F,1
CCC1=CC=CC=C1OC[C@H](CN[C@H]2CCCC3=CC=CC=C23)O.C(=O)(C(=O)O)O,1
CC1(C2=C(N=CN2C3=CC=CC=C3N1)C(=O)OC(C)(C)C)C,1
C1CCN(CC1)C2(CCN(CC2)CCCC(=O)C3=CC=C(C=C3)F)C(=O)N,1
C(C[C@H](C(=O)O)N)CP(=O)(O)O,1
CC#CC1=CC(=CN=C1)C2=CC3=C(CC4([C@]35N=C(C(=N5)N)C)CCC(CC4)OC)C=C2,1
CC#CC1=CC(=CN=C1)C2=CC3=C(CC4([C@@]35N=C(C(=N5)N)C)CCC(CC4)OC)C=C2,1
C1CN(CCC1(CN2C=CC=CC2=O)O)CC3=CC=CC=C3.Cl,1
C[N+]1(CCC2=CC3=C(C=C2C1C4C5=C(C6=C(C=C5)OCO6)C(=O)O4)OCO3)C.[Br-],1
C[C@@H]1CCC[C@@H](N1CCCC(C2=CC=CC=C2)(C3=CC=CC=N3)O)C.Cl,1
C1=CC=C2C(=C1)C(=O)C=C(N2)C(=O)O,1
C1CNCC(=C1)C(=O)O.Cl,1
C1CNCC=C1C(=O)O.Cl,1
C1=CC2=C(C=C1Cl)NC(=CC2=O)C(=O)O,1
C1=CC2=C(C=C1Cl)NC(=CC2=O)C(=O)[O-].[Na+],1
C1CCN(CC1)CC2COC3=CC=CC=C3O2.Cl,1
C1=CC2=C(C=CC=C2Cl)C(=C1)S(=O)(=O)NCCCCCCN.Cl,1
CCCCOC1=C(C=CC(=C1)CC2CNC(=O)N2)OC,1
C1=CC=C(C=C1)C2=NN=C(C3=CC=CC=C32)NC4=CC(=CC=C4)Cl,1
CN(C)CCCSC1=CC=CC=C1NC(=O)/C=C/C2=CC=CC=C2.Cl,1
C1CN(CCC1C(=O)C2=CC=C(C=C2)F)CCCCC3=CC=CC=C3.C(=O)(C(=O)O)O,1
C1CN(CCC12C(=O)NCN2C3=CC=CC=C3)CCCOC4=CC=C(C=C4)F,1
CNC(=O)C1=NC=C2C(=C1)C3=CC=CC=C3N2,1
CC1=CC=CN2C1=NC(=C(C2=O)CCN3CCC(CC3)C4=NOC5=C4C=CC(=C5)F)C,1
CC1=C(C=CC(=C1)C2=NOC(=N2)C)C3=CC=C(C=C3)C(=O)N4CCC5=CC6=C(C=C54)C7(CCN(CC7)C)CO6.Cl,1
C1=CC2=C(C=C1C3=CN=C(C=C3)F)NC4=C2C=NC=C4,1
CN1C[C@@H]2[C@@H](C1)C3=C(C=CC(=C3)Cl)OC4=CC=CC=C24,1
C[C@H](CC1=CC2=C(C(=C1)C(=O)N)N(CC2)CCCO)NCCOC3=CC=CC=C3OCC(F)(F)F,1
C1CCN(CC1)CCOC(=O)C2=CNC3=CC=CC=C32.Cl,1
CN(C1CCCCC1)C(=O)CCCOC2=CC3=C(C=C2)NC(=O)C=C3,1
C1=CC=C(C=C1)N=C(N)N=C(N)N,1
CC(C)(CC1=CNC2=C1C=C(C=C2)Cl)NCCOC3=CC=CC=C3OCC4CC4.Cl,1
CC1=NC=CC2=C1NC3=CC=CC=C23,1
C1CSC(=O)[C@H]1N.Cl,1
CC(=O)NCCCC(=O)O,1
C(CN)[C@@H](C(=O)O)N,1
COC(=O)C(CC1=CC=C(C=C1)Cl)N.Cl,1
CN1CCN(CC1)CCCOC2=C(C=C3C(=C2)N=CC(=C3NC4=CC(=C(C=C4Cl)Cl)OC)C#N)OC,1
CC1=C(C=C(C=C1)C(=O)NC2=CC(=CC(=C2)C(F)(F)F)N3C=C(N=C3)C)NC4=NC=CC(=N4)C5=CN=CC=C5.O.Cl,1
C[C@@]12CC[C@@H](C1(C)C)C[C@@]2(C3=CC=CC=C3)OCCN(C)C,1
CNCC1=CC=C(C=C1)NC(=O)C2=CNC3=C2C(=O)CCC3.Cl,1
C1CC(=O)NN=C1C2=CC=C(C=C2)NC3=CC=NC=C3.Cl,1
C1CNC(=NC1)NCCCNC[C@H]2CCC3=CC=CC=C3O2.Cl.Cl,1
CCOC1=C(C=C2C(=C1)C=C(S2)C(=O)[O-])OCC.[Na+],1
CN1CC[C@@]23C=C[C@@H](C[C@@H]2OC4=C(C=CC(=C34)C1)OC)OC(=O)C5=CC=CC=C5,1
CC1=CC=C(C=C1)SC2=CC=CC=C2C3CCNCC3.Br,1
CCC1=C(N2C=C(C=C(C2=N1)C)N3CCN(CC3)CC(=O)N4CC(C4)O)N(C)C5=NC(=C(S5)C#N)C6=CC=C(C=C6)F,1
C[C@H](C(=O)O)OC1=CC(=C(C=C1)CNC(=O)C2=C(N=CC=C2)OC3=CC4=C(C=C3)OCO4)F,1
CC1=C(C(=CC=C1)Cl)NC(=O)C2=CN=C(S2)NC3=CC(=NC(=N3)C)N4CCN(CC4)CCO,1
CC1=C(C(=CC=C1)Cl)NC(=O)C2=CN=C(S2)NC3=CC(=NC(=N3)C)N4CCN(CC4)CCO.Cl,1
CC1=CN=C(N1)C2=CN=C(N=C2C3=C(C=C(C=C3)Cl)Cl)NCCNC4=NC=C(C=C4)C#N,1
CC1=CN=C(N1)C2=CN=C(N=C2C3=C(C=C(C=C3)Cl)Cl)NCCNC4=NC=C(C=C4)C#N.Cl,1
CC1=CN=C(N1)C2=CN=C(N=C2C3=C(C=C(C=C3)Cl)Cl)NCCNC4=NC=C(C=C4)C#N.Cl.Cl.Cl,1
C1OC2=C(O1)C=C(C=C2)C3=CC(=NN3)C4=CC(=CC=C4)Br,1
COC1=CC=C(C=C1)CN2C=C(C(=O)C3=CC=CC=C32)C(=O)O,1
CC1=CC(=NN=C1C(=O)N2CCN(CC2)C3=NC=CC=N3)C4=CC=CC=C4,1
CC1=C(C(=NC2=C(C(=NN12)NC)S(=O)(=O)C3=CC=CC=C3)C)N(C)C,1
CN1C(=C(C=N1)C2=NN(C3=C2C(=NC=N3)N4CCC4)C)C5=CC=C(C=C5)C(F)(F)F,1
CC(C)C1=NC2=C(C=CC=C2N1)C(=O)NCC3CCN(CC3)CC4CCN(CC4)C(=O)OC,1
C1CN(CCC1N)C2=NC(=CC=C2)Cl.Cl,1
C1CNCC2=C1C(=O)NO2,1
C1CNCC2=C1C(=O)NO2.Cl,1
C[C@H](C1=CC(=C(C=C1)C2=CC=CC=C2)F)C(=O)O,1
C[C@]1(CC[C@H]2[C@@H](C1)CC[C@@H]3[C@@H]2CC[C@]4([C@H]3CC[C@@H]4C(=O)CN5C=C(C=N5)C#N)C)O,1
COC1=CC(=C(C=C1)OC)C2=NN=C3N2N=C(CS3)C4=CC(=C(C=C4)OC)OC,1
CN1C(=O)C2=CC=CC=C2C(=N1)CC(=O)NC3=C(C=CC(=C3)S(=O)(=O)NC4=CC(=CC=C4)Cl)O,1
CN(C)CCOC1=CC2=CC=CC=C2SC3=C1C=C(C=C3)Cl,1
COC1=C(C=C(C=C1)S(=O)(=O)NC2=C(C(=CC(=C2)Cl)Cl)OC)N3CCNCC3.Cl,1
C1CN(CCN1CCCN2C3=CC=CC4=C3C(=CC=C4)S2(=O)=O)C5=CC=C(C=C5)F,1
CN1CCC(CC1)C2=CNC3=C2C=C(C=C3)NC(=O)C4=CC=C(C=C4)F,1
CC1=CC2=C(C=C1C(F)(F)F)N(CC2)C(=O)NC3=CN=C(C=C3)OC4=C(N=CC=C4)C,1
C1=CC=C2C(=C1)C=CC=C2CSC3=NC=NC4=C3NC=N4,1
CN1C=CC2=C1C=CC(=C2)NC(=O)NC3=CN=CC=C3.Cl,1
C1CN2C(CN1)C(=O)NC3=CC(=C(C=C32)Cl)Cl.Cl,1
CC1=NSC(=C1)NC(=O)NC2=CC3=C(C=C2)N(C=C3)C,1
CCCCCC[C@@H]([C@@H](C)O)N1C=NC2=C(N=CN=C21)N.Cl,1
CCC1=CC=CC=C1OC[C@H](CN[C@H]2CCCC3=CC=CC=C23)O.Cl,1
CC(=O)NCC1=CC(=CC=C1)OC[C@H](CNCCC2=CC=C(C=C2)NS(=O)(=O)C3=CC=CC=C3)O,1
CN1CCN(CC1)C2=CC=C(C=C2)NC3=C4C=CC=CC4=NC5=CC=CC=C53.Cl.Cl,1
CC(C)(CC1=CNC2=CC=CC=C21)NCC(COC3=CC=CC=C3C#N)O,1
C1=CC(=CC=C1C2=NC3=C(N2)C=C(C=C3)C4=NC5=C(N4)C=C(C=C5)N)N,1
CCCCCCCCCCCCCC(=O)NC1=CC=C(C=C1)CP(=O)([O-])[O-].[Na+].[Na+],1
C[C@@]12CCN([C@@H]1N(C3=C2C=C(C=C3)OC(=O)NC4=CC=CC=C4)C)C,1
C1CN(CCN1)C(=O)C2=CC=C(C=C2)/C=C/C3=NNC4=CC=CC=C43,1
CC1=CC(=CC=C1)C2CN(CCC3=C(C(=C(C=C23)O)O)Cl)C.Br,1
CN1CCC2=CC(=C(C=C2C(C1)C3=CC=CC=C3)O)Br,1
CCOC(=O)C1=C2CN(C(=O)C3=C(N2C=N1)C=CC(=C3)N=[N+]=[N-])C,1
COC[C@H](C1=CC(=C(C=C1)OC(F)(F)F)F)NC(=O)N2CC(=O)NC3=C2N=CC(=C3)OC,1
COC1=CC=CC=C1N2CCN(CC2)CCN(C3=CC=CC=N3)C(=O)C4CCCCC4.C(=C\C(=O)O)\C(=O)O,1
COC1=CC=C(C=C1)C(C2=CC=C(C=C2)OC)(C3=CC=C(C=C3)OC)OCCN4CCC[C@@H](C4)C(=O)O,1
CCOC(OCC)P(=O)(CCCNCC1=CC(=C(C=C1)Cl)Cl)O,1
COC1=CC=C(C=C1)C2=NN(C(=N)C=C2)CCCC(=O)O.Br,1
C1=CC(=C(C(=C1)F)NC(=S)N2C(=NC(=N2)NC3=CC=C(C=C3)S(=O)(=O)N)N)F,1
C1=CC=C2C(=C1)C(C3=CC=CC=C32)COC(=O)NCCCCCCN.Cl,1
COC1=NC(=NC(=C1)C2=CC=C(C=C2)C(F)(F)F)NC3CCCCC3.Cl,1
CN1C2=NC(=NC=C2C=C(C1=O)C3=C(C=CC=C3Cl)Cl)NC4=CC(=CC=C4)SC,1
CCN(C)C(=O)OC1=CC2=C(CC[C@H]2NCC#C)C=C1.CCN(C)C(=O)OC1=CC2=C(CC[C@H]2NCC#C)C=C1.[C@@H]([C@H](C(=O)O)O)(C(=O)O)O,1
C1CN(C[C@@H]1O)C2=C(C=C(C=N2)C(=O)NC3=CC=C(C=C3)OC(F)(F)Cl)C4=CC=NN4,1
C[C@H](CC1=NC2=C(C=NN2C3=CC=CC=C3Cl)C(=O)N1)C(F)(F)F,1
CC(CC1=NC2=C(C=NN2C3=CC=CC=C3Cl)C(=O)N1)C(F)(F)F,1
CC(C)N1C2=CC=CC=C2C=C(C1=O)C(=O)NC3CC4CCC(C3)N4C[C@H](CN(C)S(=O)(=O)C)O,1
CC(C)N1C2=CC=CC=C2C=C(C1=O)C(=O)NC3C[C@H]4CC[C@@H](C3)N4C[C@H](CN(C)S(=O)(=O)C)O.Cl,1
C[C@]1(CCSC(=N1)N)C2=C(C=C(C(=C2)C3=CN=CN=C3)F)F,1
CC[C@H](C)[C@@H](C(=O)N1CCC[C@H]1C(=O)N[C@@H](CCC(=O)N)C(=O)O)NC(=O)[C@H](CO)NC(=O)[C@H](C(C)C)NC(=O)[C@@H]2CCCN2C(=O)[C@H](C)NC(=O)[C@H](CC(=O)N)N,1
C1[C@H](CN([C@@H]1C(=O)N[C@@H](CCCN=C(N)N)C(=O)NCC(=O)N[C@@H](CC2=CNC3=CC=CC=C32)C(=O)N)C(=O)[C@H](CC4=CC=C(C=C4)F)N)O.C(=O)(C(F)(F)F)O.C(=O)(C(F)(F)F)O,1
COC1=CC=C(C=C1)CNC(=O)NC2=NC=C(S2)[N+](=O)[O-],1
CC1=NOC(=C1)[C@@H]2CCCN2C.Cl,1
CN(C)C1=NC=C(S1)/C=C/C2=NC3=C(O2)C=C(C=C3)OCCF,1
C1=CC(=C(C=C1Cl)Cl)/C(=C/N2C=NC=N2)/Cl,1
COC1=CC2=C(C=C1)NC=C2CCNC(=O)C3=CC(=O)C=CO3,1
CN1C[C@@H]2C[C@H]1CN2,1
CN1C(=C(C=N1)Br)C2=C(C=CC(=C2)NC(=O)NC3=C(C=C(C=C3)F)F)OC,1
CN1C(=CC=N1)C2=C(C=CC(=C2)NC(=O)C3=CC(=CC=C3)OC)OCCN4CCOCC4,1
C1CN(CCC1C(=O)C2=CC=C(C=C2)F)CCN3C(=O)C4=CC=CC=C4NC3=O,1
C1CN(CCC1C(=O)C2=CC=C(C=C2)F)CCN3C(=O)C4=CC=CC=C4NC3=O.C(C(C(=O)O)O)(C(=O)O)O,1
CN(C)CC(COC1=CC=CC=C1CCC2=CC(=CC=C2)OC)OC(=O)CCC(=O)O.Cl,1
CCCCCS(=O)(=O)NC(=O)C1=CC2=C(C=C1)N=C(N2CC3=CC(=C(C=C3)Cl)Cl)C,1
C1=CC=C2C(=C1)C(=C(N2)C3=C(NC4=C3C=CC(=C4)Br)O)N=O,1
C1=CC(=CC(=C1)N)C2=CC3=C(N2)N=CN=C3OC4=CC=CC(=C4)O,1
CCN1C2=NC=C(C(=C2C=N1)NC3CCOCC3)C4=NN=C(O4)CC5=C(N=C(S5)C)C,1
CC1=NC(=NO1)C2=CC3=C(C=CN=C3C4=CC(=CC=C4)OC)NC2=O,1
C1CN(CCN1C2=CC=C(C=C2)C#N)C(=O)COC3=CC4=C(C=C3)NC=C4CCN,1
CC1([C@@H]([C@H](C2=C(O1)C=CC(=C2)OCCCC(F)(F)F)N(C)S(=O)(=O)C)O)C,1
C1=CC(=C(C=C1NCC2=C(C(=C(C(=C2F)F)C(F)(F)F)F)F)C(=O)O)O,1
C1=CC(=C(C=C1NCC2=C(C(=C(C(=C2F)F)C(F)(F)F)F)F)C(=O)[O-])O.[K+],1
CCN(CC)CCN1C2=CC=CC=C2N=C(C1=O)CC3=CC=C(C=C3)OC.Cl,1
CC(=CCC1=C(C2=C(C=C1O)O[C@@H](CC2=O)C3=CC=C(C=C3)O)O)C,1
CS(=O)(=O)O.CS(=O)(=O)O.C=CCNC1=NC(=NC(=N1)N2CCN(CC2)C(C3=CC=C(C=C3)F)C4=CC=C(C=C4)F)NCC=C,1
C1=CC=C2C(=C1)C(=O)C=C(N2)C(=O)[O-].[Na+],1
COC1=CC2=NC=CC(=C2C=C1)NC(=O)NC3=CC=CC(=N3)C(F)(F)F,1
CC(=CC[C@@H]1C[C@@]2(C(=O)/C(=C(\C3=CC(=C(C=C3)O)O)/O)/C(=O)[C@@](C2=O)(C1(C)C)CC=C(C)C)C[C@H](CC=C(C)C)C(=C)C)C,1
CC1CN(C(=O)N(C1=O)CC2=C(SC(=C2)C3=CC=CC=C3)C(=O)O)CC(C(=O)O)N,1
CC1=C(C(=O)N2C=CSC2=N1)CCN3CCC(=C(C4=CC=CC=C4)C5=CC=C(C=C5)F)CC3,1
CCCCCC[C@@H](CCC)C(=O)O,1
CC(C)(C=C)C1=C(C2=C(N1)C=C(C=C2)Br)CCNC.Cl,1
CN1CCCC1CCSC2=CC=C(C=C2)O.Cl,1
C1COCCN1CCCCC(=O)NC2=CC=C(C=C2)C3=CN=CC=C3,1
CCN1C=C(C=N1)N2C(=C(C3=C2C(=C(C=C3)Cl)F)SC4=CC=CC(=C4F)C(=O)O)C5CC5,1
CN1CCN(CC1)C2CC3=CC=CC=C3SC4=C2C=C(C=C4)SC.CS(=O)(=O)O,1
COC1=C(C=C(C=C1)C2(CCC(CC2)C(=O)O)C#N)OC3CCCC3,1
CC1=C(C(=O)N2C=CSC2=N1)CCN3CCC(=C(C4=CC=C(C=C4)F)C5=CC=C(C=C5)F)CC3,1
C(C(=O)O)ON.C(C(=O)O)ON.Cl,1
C1CN2CCC1[C@H](C2)OC3=NN=C(C=C3)C4=CC5=C(C=C4)NC=C5,1
C1CN2CCC1[C@@H](C2)NC(=O)C3=NNC4=CC=CC=C43.Cl,1
C1=CC=C(C=C1)[C@H](CC2=CC=CC=N2)N.Cl.Cl,1
C1=CC=C(C=C1)C(CC2=CC=CC=N2)N,1
CC1(C2=CC=CC=C2C(=CCCN(C)C)C3=CC=CC=C31)C.Cl,1
CC(C)(C)C(=O)NCCCC(=O)O,1
CN1CCN(CC1)CC/C=C\2/C3=CC=CC=C3SC4=C2C=C(C=C4)S(=O)(=O)N(C)C,1
C1CC(CCC1CCN2CCC3=C(C2)C=CC(=C3)C#N)NC(=O)C4=CC=NC5=CC=CC=C45.Cl,1
C1=CC=C2C(=C1)C(=O)C3=CC=CC=C3C2(CC4=CC=NC=C4)CC5=CC=NC=C5.Cl.Cl,1
C1=CC2=C(C=C1[N+](=O)[O-])NC(=N2)COCC3=NC4=C(N3)C=C(C=C4)[N+](=O)[O-].Cl,1
C1=CC2=C(C=C1[N+](=O)[O-])NC(=N2)COCC3=NC4=C(N3)C=C(C=C4)[N+](=O)[O-],1
C1=CC=C2C(=C1)C(=O)C3=CC=CC=C3C2(CC4=CC(=NC=C4)F)CC5=CC(=NC=C5)F,1
CCCSC1=NC2=C(C(=O)N1C3=CC=CC=C3)SCC2,1
C1=CC(=CC(=C1)[N+](=O)[O-])N2C3=C(C=CC=N3)C(=O)N(C2=O)CC4=CC=NC=C4.Cl,1
CN(C1=CC=CC(=C1F)C(=O)NC2=C(C=C(C=C2Br)C(C(F)(F)F)(C(F)(F)F)F)C(F)(F)F)C(=O)C3=CC=CC=C3,1
CC1=C(C=CC(=C1)C2=NOC(C2)(C3=CC(=CC(=C3)Cl)Cl)C(F)(F)F)C(=O)N/C=N/OC,1
C1CC(=O)N([C@H]1C(=O)NC(CC2=CC=CC=C2)C(=O)C(=O)NC3CC3)CC4=CC=CC=C4,1
C[C@]1(C=CSC(=N1)N)C2=C(C=CC(=C2)NC(=O)C3=NC=C(C=C3)C#N)F,1
C[C@@H]1[C@H]2CSC(=N[C@]2(CO1)C3=C(C=CC(=C3)NC(=O)C4=NC=C(N=C4)C(F)F)F)N,1
CCOC1=CC=CC=C1C(=O)NCC2=COC(=N2)C3=CC(=C(C=C3)OC(F)F)OC(C)C,1
CC1(CCC(=CC1)C2=C(C=CC(=N2)C3CC(OC(C3)(C)C)(C)C)NC(=O)C4=NC=C(N4)C#N)C,1
C[C@@H]1CN(C[C@H]1C2=CN3C(=CN=C3C4CCOCC4)C(=O)N2)CC5=NC=CC=N5,1
COC1=CC=C(C=C1)C(=O)N2CCCC2=O,1
C1CCN(CC1)C(=O)C2=CC3=NC=CN=C3C=C2,1
C1CCN(CC1)C(=O)C2=CC3=NON=C3C=C2,1
CC1=C(C=C(C=C1)NC(=O)C2=CC(=CC=C2)C(F)(F)F)N3CC4=CN=C(N=C4N(C3=O)C)NC5=CN=C(C=C5)C,1
CC1=C(C=C(C=C1)[N+](=O)[O-])S(=O)(=O)N(C)C,1
B1(C2=C(CO1)C=C(C=C2)OC3=CC=C(C=C3)C#N)O,1
C1=CC(=CC(=C1)C(=O)N)C2=CC(=NC=N2)NC3=CC=C(C=C3)OC(F)(F)F,1
C1C[C@H](C2=CC=CC=C2C1)NC3=NC4=CC=CC=C4N3.Cl,1
CC1=CSC(=N1)N(C2CC2)C(=O)CSC3=NN=C(C=C3)C4=CC=CC=C4,1
CN1C(=O)N(C(=O)S1)CC2=CC=CC=C2,1
CN(CCO/N=C(\C1=CC=CC=C1F)/C=C/C2=CC=C(C=C2)O)C.CN(CCO/N=C(\C1=CC=CC=C1F)/C=C/C2=CC=C(C=C2)O)C.C(=C/C(=O)O)\C(=O)O,1
C1C2=CC=CC=C2CC13C(=O)N=C4N3C=CC=C4,1
C1=CC(=CC=C1C2=CC=C(O2)C3=CC=C(C=C3)C(=N)N)C(=N)N.Cl.Cl,1
CC[C@H](C)[C@@H](C(=O)NCCN1CCOCC1)N.Cl.Cl,1
CCN(C)C(=O)OC1=CC=CC(=C1)[C@H](C)N(C)C.[C@@H]([C@H](C(=O)O)O)(C(=O)O)O,1
CC1=C(C(=O)N2CCCCC2=N1)CCN3CCC(CC3)C4=NOC5=C4C=CC(=C5)F,1
COC(=O)C1=CC=CC=C1C(=O)C2=CC=C(C=C2)OCCN3CCCCC3.Cl,1
CC(C)(C1=CC2=C(C=C1)N(C=N2)C3=CC=CC(=C3)C4=CC=CC=C4C#N)O,1
CN1C[C@H]2[C@H](C1)C3=C(C=CC(=C3)Cl)OC4=CC=CC=C24.C(=C\C(=O)O)\C(=O)O,1
CCCNC(=O)C1=NN=C2C(=C1N)C=CC=C2C3=C(C=CC=C3F)OC,1
CN1C=C(C2=C1C=CC(=C2)Br)C3=C(C(=O)NC3=O)C4=COC5=CC=CC=C54,1
C1=CC=C(C=C1)NC2=NC(=NC=C2F)NC3=CC=C(C=C3)CN,1
C1C[C@H]2CN3CCNCC4=C3C(=CC=C4)[C@H]2C1.Cl,1
CC[C@H](CO)NC1=NC2=C(C(=N1)N(C)CC3=CC=CC=C3)N=CN2C(C)C,1
CC1=NC(=C2N1N=CN=C2N3CCC3)C4=C(N(N=C4)C)C5=NC=C(C=C5)C(F)(F)F,1
COC1=C(C=C(C=C1)Cl)N(CC(=O)NC2=CC3=C(C=C2)OCO3)S(=O)(=O)C4=CC=CC=C4,1
C1CN(CCC1C(=O)NC2=CC=C(C=C2)CP(=O)(O)O)C(=O)OCC3=CC(=CC(=C3)Cl)Cl,1
C1CN(CCN1CCCCCC(=O)NCC2=CC=C(C=C2)C#N)C3=CC=CC=C3C4=CC=CC=C4,1
C1CC2=NC3=C(CN2C1C(=O)NCCC4=CC=C(C=C4)O)C=C(C=C3)Br,1
C1=CC(=CC=C1C2=NC3=C(S2)C=C(C=C3)Br)N,1
C1=CC=C2C(=C1)C(=C(N2)C3=C(NC4=C3C=C(C=C4)I)O)N=O,1
CCCN(CCC)C1CCC2=C(C1)C(=CC=C2)O,1
C[C@H]1C[C@H]2CSC(=N[C@]2(CO1)C3=NC(=CS3)NC(=O)C4=NC=C(C=C4)OC(F)F)N,1
COC1=CC(=C(C=C1)OC)C(=O)N[C@@H]2CN3CCC2CC3.C(=O)(C(F)(F)F)O,1
CC1=CN(C=N1)CCCNC2=C(C=CC=C2F)C3=CC(=C(C=C3)OC)OC,1
C1=CC(=CC(=C1)NC2=NC(=NC=C2C(=O)N)NCCN)C(F)(F)F,1
C1=CC=C(C=C1)C(=NC2=CC=C(C=C2)OCCCCCOC3=CC=C(C=C3)N=C(C4=CC=CC=C4)N)N,1
C1[C@H]([C@@H]1NCC2=NN=C(O2)N)C3=CC=C(C=C3)OCC4=CC=CC=C4,1
C[C@H](C1=C(C=CC(=C1Cl)F)Cl)OC2=CN=CC(=C2)C3=CN=C(N=C3)N,1
CC1=C(C(=CC2=C1N=CN2CC3CC3)NC4=NC=C(C=C4)C5=CN(C=N5)C)F,1
C1COCCC1N2C3=C(C=N2)C(=O)NC(=N3)CC4=CC=CC=N4,1
C1=C(NC=N1)/C=C\C(=O)O,1
CCCCCCCCCCCCCCCC(=O)O[C@H](CC(=O)O)C[N+](C)(C)C.[Cl-],1
C1=NC(=C(C(=N1)N)NC=O)N,1
C[C@]12CC[C@H](C[C@H]1CC[C@@H]3[C@@H]2CC[C@]4([C@H]3CCC4=O)C)O,1
CN1C=NC=C1C[C@@H](C(=O)O)NC(=O)CCN,1
CN1C=C(C2=CC3=C(C=C21)OCO3)C4=C(C(=O)NC4=O)C5=COC6=C5C=C(C=C6)F,1
C[C@@H](C(=O)N[C@@H](CCC(=O)O)C(=O)N[C@@H](CC(=O)N)C(=O)N[C@@H](CCCCN)C(=O)N)NC(=O)OCC1C2=CC=CC=C2C3=CC=CC=C13,1
CC(C)CN(CCCN1CCN(CC1)CCCNC2=NC3=CC=CC=C3N2)CC(C)C.OS(=O)(=O)O.OS(=O)(=O)O,1
C[Se]C[C@@H](C(=O)O)N,1
C[C@@H](C1=CN=CC(=N1)N2CCN(CC2)C3=CC=CC=N3)NC(=O)CCC4=CC(=C(C=C4)F)F,1
CC(C)N1C(=CC(=N1)C2=CC(=C(N=C2)N)OC(F)(F)F)C3[C@H]4[C@@H]3CN(C4)C5COC5,1
C1OC2=C(O1)C=C(C=C2)CNC3=NC=NC4=C3C=C(C=C4)Cl,1
CC1=CC=C(C=C1)N2C=C3C(=NN(C(=O)C3=N2)CCCC(=O)NCCC4=CC=C(C=C4)F)C,1
CC1=C(SC(=C1)C2=NO[C@@](C2)(C3=CC(=C(C(=C3)Cl)Cl)Cl)C(F)(F)F)C(=O)NCC(=O)NCC(F)(F)F,1
COC1=CC=CC2=C1CCC(=O)N2CCCN3CCN(CC3)C4=CC(=CC=C4)Cl.Cl,1
CC(C)(C)NC[C@H](COC1=CC=CC=C1C2CCCC2)O,1
CC[C@@]1(C2=C(NC3=C1C(=O)CC(C3)(C)C)NN=C2)C4=CC=CC=C4,1
CC(C)[C@@H](C(=O)NCCCS(=O)(=O)O)N,1
C1=CC(=CC(=C1)Cl)C2=NC(=CC(=C2)CC3=CC=C(C=C3)CC(=O)O)C(F)(F)F,1
COCCOC1=NC(=NC2=C1CN(CC2)C(=O)C3=C4C=CC=CN4C=N3)C5=CN=C(C=C5)Cl,1
C1CN(CCN1)C2=NC(=C(C=C2)C(F)(F)F)Cl,1
C1CN(CCC1(C#N)C2=CC=CC=N2)CC3=C4C=CC=CN4C(=O)C(=C3)C(=O)O,1
CN1CCCC[C@H]1CCC2=CC=CC=C2NC(=O)/C=C/C3=CC=CC=C3,1
C1CCC2=C(C1)C(=NN2CC(=O)N3CCCC4=CC=CC=C43)C(F)(F)F,1
COC1=C(C=C(C=C1)NC(=S)NCCCN2C=CN=C2)OC,1
CCN1C2=C(C=C3C(=C2)N=CN=C3NCC4=CC=CC=C4N5CCC(CC5)CO)NC1=S.Cl.Cl,1
CC(C)OC(=O)NNC1=C(C=CC(=C1)C2=CC=CC=C2)OC,1
CC1=CC(=C(C(=C1)C)N=C2C=C3C4=CC(=C(C=C4CCN3C(=O)N2CCNC(=O)N)OC)OC)C,1
CC(C)NCC(COC1=CC=C(C=C1)NC(=O)C)O,1
CC1=NN=C(C2=CC3=C(C=C2C1)NC(=O)O3)C4=CC5=C(C=CC=C5S4)F,1
CN1C=C(C2=CC=CC=C21)C3=C(C(=O)NC3=O)C4=C(C=C(C=C4)Cl)Cl,1
CC1=C(C=C(C=C1)NC(=O)C2=CC(=C(C=C2)CN3CC[C@@H](C3)N(C)C)C(F)(F)F)NC4=NC=C(C=N4)C5=CN=CN=C5,1
CC1=C(C=C(C=C1)C(=O)NC2=CC(=C(C=C2)CN3CCN(CC3)C)C(F)(F)F)C#CC4=CN=C5N4N=CC=C5,1
COC1=CC=CC=C1N2CCN(CC2)CCN(C3=CC=CC=N3)C(=O)C4=CC=C(C=C4)I.Cl,1
CC(C)(C)NCC1=C(C=C(C=C1)NC2=C3C=CC(=CC3=NC=C2)Cl)O.Cl.Cl,1
CCOC1=C(C=CC(=C1)[C@@H](CS(=O)(=O)C)N2C(=O)C3=C(C2=O)C(=CC=C3)NC(=O)C)OC,1
CCN1C=NC2=C1N=NC=C2C3=CC(=C(C=C3)F)C4=C(C=C(C=C4)S(=O)(=O)CC)OC,1
CC1=CC(=CC=C1)OCC(CNCCC2=CC(=C(C=C2)OC)OC)O.Cl,1
CC1=C(C=CC(=C1)C(=O)NC2=CC(=C(C=C2)OC)N3CCN(CC3)C)C4=CC=NC=C4,1
CCC(=O)C1=C(N(C(=C1)C2=CC=C(C=C2)Cl)C3=CC=C(C=C3)S(=O)(=O)N)C,1
CC1=NOC(=C1)/C(=C/NC2=CC=C(C=C2)Cl)/C(=O)NC3=CC=C(C=C3)Cl,1
C1=CC(=C(C=C1C(F)(F)F)NC(=O)NC2=C(C=CC(=C2)Cl)O)Cl,1
CC1=CC(=NO1)NC(=O)NC2=CC(=C(C=C2OC)OC)Cl,1
CC1=CC(=C(C(=C1OC(=O)C)C)C)OCC(CNC(C)C)O,1
CCCCP(=O)(CCCN)O,1
CC1=C(C(C(=C(N1)C)C(=O)OC(C)C)C2=CC=CC(=C2Cl)C#N)C(=O)OCCOC,1
C[C@@H]1[C@H]2C[C@]2(CC1=O)C(C)C,1
C1CN(CCN1CCNC(=O)C2=CC=C(C=C2)F)C3=C4C(=CC=C3)O[C@H](CO4)CO,1
CN1CCCC(=C(C2=CC=CS2)C3=CC=CS3)C1.Cl,1
CCC(C)C(CC)C(=O)N,1
C1CCN(CC1)CCCOCCCC2=CC=C(C=C2)Cl,1
C1CCN(CC1)CCCOCCCC2=CC=C(C=C2)Cl.Cl,1
C1=CC=C(C=C1)NC2=NC(=NC(=N2)NCC3=NC=CC=N3)NC4=CC=C(C=C4)F,1
COC1=C(C=C(C=C1)C2=C(N=CO2)C(=O)NCCCN3C=NC=N3)Cl,1
C1=CC(=CC=C1C[C@@H](C(=O)N[C@@H](CCCN=C(N)N)C(=O)O)N)O,1
CN(CC(=O)NC1=NC2=C(S1)C=C(C=C2)OC(F)(F)F)C(=O)CNC(=O)CN,1
CC(C)(C)NCC(CSC1=NC(=CS1)C2=CC=C(S2)C(=O)N)O,1
CC(C)C1=CC(=C(C=C1)OCC(=O)NC2CC(NC(C2)(C)C)(C)C)Br.Cl,1
CNC1=NC=CC(=N1)CN(C2CCC(CC2)N)S(=O)(=O)C3=CC=C(C=C3)S(=O)(=O)N(CC4=CC=C(C=C4)Cl)C5CCCC5.C(=O)(C(F)(F)F)O,1
CNC1=NC=CC(=N1)CN([C]2CC[C](CC2)N)S(=O)(=O)C3=CC=C(C=C3)S(=O)(=O)N(CC4=CC=C(C=C4)Cl)C5CCCC5.Cl,1
CC(C)OC(=O)NC1CCN(CC1)CC2=CC(=C3C=CC=NC3=C2O)Cl,1
CCN(CC)C1=C(C=C(C=C1)C2=NNC(=O)C[C@H]2C)[N+](=O)[O-],1
CC1=C(C2=CC=CC=C2N1)C3=C(C(=O)N(C3=O)C)NCCC4=CC=C(C=C4)F,1
C1=CC2=C(C=C1O)OC(=C2)C3=CC(=CC(=C3)O)O,1
C1C2=C(C3=CC=CC=C3NC1=O)NC4=C2C=C(C=C4)Br,1
C1=CC(=C[N+](=C1)[C@H]2[C@@H]([C@@H]([C@H](O2)CO)O)O)C(=O)N.[Cl-],1
CC(C)[C@@H](C(=O)N[C@@H](CC(=O)O)C(=O)COC1=C(C=CC=C1F)F)NC(=O)C2=NC3=CC=CC=C3C=C2,1
CC(C)CN1C2=C(C(=O)N(C1=O)C)NC=N2,1
C1CN(CCN1CCCN2C3=CC=CC=C3NC2=O)C(C4=CC=CC=C4)C5=CC=CC=C5,1
CCCC1=NN(C2=C1N=C(NC2=O)C3=C(C=CC(=C3)S(=O)(=O)N4CCN(CC4)CCO)OCC)C,1
CC1=CC(=CC=C1)C(=O)NC2=CC(=CC=C2)NC(=O)C3=CC=CC=C3OC,1
,1
CCC1(CC2=CC=CC=C2C1)C3=CN=CN3.Cl,1
CCC1(CC2=CC=CC=C2C1)C3=CN=CN3,1
CN(C)CCCN1C2=C(CCCCCC2)C3=CC=CC=C31,1
C1=CC2=C(C(=C1)NCC3=CC=C(C=C3)C(=O)NO)N=CC=C2,1
C1CN(CC1N)C2=CN=CC=C2.Cl.Cl,1
C[C@@]1(C2=C(CC(CC2=O)(C)C)NC3=NNC(=C31)CC(C)(C)C)C4=CC=CC=C4,1
C[C@]1(C2=C(CC(CC2=O)(C)C)NC3=NNC(=C31)CC(C)(C)C)C4=CC=CC=C4,1
CCN(CC)S(=O)(=O)C1=C(C=CC(=C1)NC2=NC=CC(=N2)C3=CC(=NC=C3)C4=CC=C(C=C4)NC(=O)NC)Cl,1
COC1=CN(N=C(C1=O)C2=CC=NN2C3=CC=CC=C3)C4=C(C=C(C=C4)N5C=CC=N5)F,1
C1[C@@H]2[C@@H](C2CNC(=O)C3=CC4=NNN=C4C=C3)CN1C(=O)OCC5=CC(=CC(=C5)C(F)(F)F)C(F)(F)F,1
C[N+](C)(C)CCC(=O)C1=CC2=CC=CC=C2C=C1.[I-],1
CN1C(=O)C2=C(N(N=C2N3C1=N[C@H]4[C@@H]3CCC4)CC5=CC=C(C=C5)C6=NC(=CC=C6)F)NC7=CC=CC=C7.OP(=O)(O)O,1
C1=CC(=NC=C1Br)NC(=O)CCC(=O)O,1
COC1=CC=C(C=C1)CCN2CCC(CC2)NC3=NC4=CC=CC=C4N3CC5=CC=C(C=C5)F,1
CC(C)N(CCC(C1=CC=CC=C1)(C2=CC=CC=N2)C(=O)N)C(C)C,1
C1CN2CCC1[C@H](C2)NC(=O)C3=CC=C(C=C3)Cl.Cl,1
CC1=C(C(=NC(=N1)C2=CC=C(C=C2)F)OCCCN3CCCCC3)Cl,1
CC1=C(SC=N1)C2=CC=C(C=C2)CNC(=O)[C@@H]3C[C@H](CN3C(=O)[C@H](C(C)(C)C)NC(=O)COCCOC4=CC=C(C=C4)C5=CC(=NC=N5)NC6=CC=C(C=C6)OC(F)(F)F)O,1
CCN1CCC[C@H]1CNC(=O)C2=CC(=C(C=C2OC)N)S(=O)(=O)CC,1
C1=CC=C(C=C1)[P+](CCCCCCCCCC(=O)OC2=CC=C(C=C2)C3=CC(=S)SS3)(C4=CC=CC=C4)C5=CC=CC=C5.[Br-],1
C1=CC=C2C(=C1)/C(=C/C3=CC=CC=N3)/C(=O)N2,1
COCCCN1CCC(CC1)NC(=O)C2=CC(=C(C3=C2OCC3)N)Cl.C(CC(=O)O)C(=O)O,1
C1CN(CCN1CC2=CC3=C(C=C2)OCO3)C4=NC=CC=N4,1
COC(=O)[C@@H]1[C@H](CC[C@H]2[C@@H]1C[C@H]3C4=C(CCN3C2)C5=CC=CC=C5N4)O.Cl,1
COC(=O)[C@H]1[C@H](CC[C@@H]2[C@@H]1C[C@H]3C4=C(CCN3C2)C5=CC=CC=C5N4)O,1
CNC1=NC2=CC(=C(C=C2C(=N1)C3=CC(=CC=C3)NC(=O)C4=CC=C(C=C4)C(=O)OC)OC)OC,1
CC1=CN=C(C2=NC(=NN12)[C@@H]3C[C@H]3C4=C(N5C=CC6=C(C5=N4)C=CC=N6)C)C,1
C1=CC=C(C=C1)CN(CCCl)CC2=CC=CC=C2.Cl,1
CC1([C@@H]([C]1CNC2=C(C=CC(=C2)Cl)OC)C3=CC=C(C=C3)S(=O)(=O)N)C,1
CC1=C(C(=CC=C1)Cl)NC(=O)C2=CN=C(S2)NC3=CC(=NC(=N3)C)N4CCN(CC4)C(=O)CCCCCCC(=O)N[C@H](C(=O)N5C[C@@H](C[C@H]5C(=O)NCC6=CC=C(C=C6)C7=C(N=CS7)C)O)C(C)(C)C,1
C1CN(CCC1CC2=CC=C(C=C2)F)CC(C3=CC=C(C=C3)Cl)O,1
CC(C(C1=CC=C(C=C1)O)O)N2CCC(CC2)CC3=CC=CC=C3.CC(C(C1=CC=C(C=C1)O)O)N2CCC(CC2)CC3=CC=CC=C3.[C@@H]([C@H](C(=O)O)O)(C(=O)O)O,1
C1COCCN1CCN=C2N=C(N(S2)C3=CC=CC=C3)C4=CC=CC=C4.Br.Br,1
CC1=C(N=C(C=C1)CNCC2(CCN(CC2)C(=O)C3=CC(=C(C=C3)F)Cl)F)NC.C(=C/C(=O)O)\C(=O)O,1
CC1=C(SC=N1)CCCl,1
CC(=O)N1CCC(CC1)C2=NC=CN=C2OC3=CC=C(C=C3)C(=O)C4=NC5=CC=CC=C5N4,1
CC(C)OC1=CC(=C(C=C1)F)C2=CN=C(C(=N2)C(=O)NC3=C(C=CN=C3)N4CCC[C@H](C4)C(=O)O)N,1
C1CN(CCC1CC2=CC=CC=C2F)CC3=NC4=C(N3)C=C(C=C4)O.Cl.Cl,1
C1CN2CCC1[C@H](C2)NC(=O)C3=CC4=C(C=C3)OCCO4,1
C1CN(CCC1N2C3=CC=CC=C3NC2=O)CCCC(C4=CC=C(C=C4)F)C5=CC=C(C=C5)F,1
CC(C)(C)C1=NN(C(=C1)NC(=O)NC2=C(C=C(C=C2)OC3=CC(=NC=C3)C(=O)NC)F)C4=CC5=C(C=C4)N=CC=C5,1
C[C@@H](C(=O)N[C@@H](C1=CC=CC=C1)C(=O)OC(C)(C)C)NC(=O)CC2=CC(=CC(=C2)F)F,1
C1=CC=C(C(=C1)C2=CC(=CC(=C2)CP(=O)(O)O)C[C@@H](C(=O)O)N)Cl,1
C1=CC=C(C(=C1)C2=CC(=CC(=C2)CP(=O)(O)O)C[C@@H](C(=O)O)N)Cl.Cl,1
CC1=C(C=CC(=C1)NC2=NC=C(C(=N2)N[C@@H]3[C@@H]4C[C@H]([C@@H]3C(=O)N)C=C4)F)N5CCN(CC5)C,1
C1=CC(=C(C=C1Cl)Cl)C2=NC(=NC=C2N3C=CN=C3)NCCNC4=NC(=C(C=C4)[N+](=O)[O-])N,1
COC1=C(SC(=N1)C2=CC(=NC=C2)NC(=O)C3CC3)C(=O)N,1
CN1CC[C@@]23C=C[C@@H](C[C@@H]2OC4=C(C=CC(=C34)C1)O)O,1
CO/N=C\1/C2=CC=CC=C2N=C1C3=C(NC4=CC(=C(C=C43)Cl)Cl)O,1
CC(C)COC(=O)C1(CC1)C2=NN3C(=CC=C(C3=N2)OC)C4=CC5=C(C=C4)C(=O)OC5,1
C1CN(CCN1CC(C(C2=CC=CC=C2)C3=CC=CC=C3)O)C4=CC(=CC=C4)Cl.Cl.Cl,1
CN1CCC(CC1)C2=CNC3=C2C=C(C=C3)O,1
C1[C@H]2CSC(=N[C@]2(CO1)C3=C(C=CC(=C3)NC(=O)C4=NC=C(C=C4)F)F)N,1
CCC[C@@H](C1=CC=CC=C1)NC(=O)/C(=C/C2=NC(=CC=C2)Br)/C#N,1
CC1=NC=C(C=C1)C2=NOC(=C2COC3=NN=C(C=C3)C(=O)NC4CCOCC4)C,1
CC[C@@]12CCCN3[C@@H]1C4=C(CC3)C5=CC=CC=C5N4C(=C2)C(=O)OCC,1
CCC(=O)C1=C(C(=C(S1)C2=CC=C(C=C2)Cl)C)C3=CC=C(C=C3)S(=O)(=O)N,1
C1CN(CC2=C1N=CN=C2NC3=CC=CC(=C3)C(F)(F)F)C(=O)N/N=C/C4=CC=C(C=C4)Cl,1
C1COC(CN1)C2=CC(=CC=C2)C(F)(F)F,1
CC(=O)N1CCC(CC1)NC(=O)C2=CC=C(C=C2)F,1
C1CN(CCN1CCC(=O)C2=CC3=C(C=C2)NC(=O)O3)C(=O)OCC4=CC(=CC(=C4)Cl)Cl,1
C1=CC(=CC=C1C2=NC3=C(N2)C=C(C=C3)[N+](=O)[O-])Cl,1
CC1=CC2=C(C=C1Cl)N(CC2)C(=O)NC3=CN=C(C=C3)OC4=C(N=CC=C4)C.Cl.Cl,1
CCCCCCOC1=NSN=C1C2=CCCN(C2)C.C(=O)(C(=O)O)O,1
C1=CC(=CC(=C1)[C@@]2(C3=C(C(=CC=C3)F)C(=N2)N)C4=CC(=NC=C4)C(F)F)C5=CN=CN=C5,1
CC(=O)NC1CC(C1)N2C=C(N=C2)NC(=O)CC3=CC4=CC=CC=C4C=C3,1
C1CC1C(=O)N2CCC3=CC(=C(C=C32)S(=O)(=O)NC4=CC(=C(C=C4)Cl)C(F)(F)F)Br,1
C1=CC(=NC2=C1C3=C(N2)C=CN=C3)C4=CC(=NC=C4)F,1
CC(=O)NC1=CC=C(C=C1)C2=CN=C3C=C(C=CC3=N2)Cl,1
C1CN(CC2=NNN=C21)C(=O)CC3=NN=C(O3)C4=CN=C(N=C4)NC5CC6=CC=CC=C6C5,1
C1=CC=C(C=C1)C(C2=CC=CC=C2)(C3=CC=CC=C3Cl)N4C=CC=N4,1
COC(=O)NC1=NC2=C(N1)C=C(C=C2)C(=O)C3=CC=CS3,1
CC1(C2=CC=CC=C2N(C1=O)CCN3CCC(CC3)C(=O)C4=CC=C(C=C4)F)C.Cl,1
C[C@@H]1CC(=O)NN=C1C2=CC=C(C=C2)NC(=O)C,1
CCN1CCN(CC1)C2=NC3=C(CCCCCC3)C(=C2)C4=CC=C(C=C4)F,1
CCCC(CN1C=NC=N1)C2=C(C=C(C=C2)Cl)Cl,1
CCN(CC)CCOC1=C2C(=C(C=C1)Cl)C=CC=N2.Cl.Cl,1
C[C@@H]1[C@H](C[C@@H](O1)N2C=NC3=C(N=CN=C32)N)O,1
CNC[C@H]1C2=C(CCO1)C=CS2.Cl,1
CC1=CSC(=N1)NC(=O)C2CCN(CC2)C(=O)N(C)CC3=CC=CC=C3,1
CN1C(=O)C2=CN=C(N2N=C1OCC3CCC(CC3)C(F)(F)F)C4CCOCC4,1
CCCCCC(CCCC(=O)[O-])O.[Na+],1
CC1=CC(=NN=C1N[C](C)C2=CC=C(C=C2)OC)C3=NC(=C(C=C3)N4C=C(N=C4)C)OC,1
CSCC[C@H](C(=O)O)N,1
CCC1=C(SC(=C1C(=O)OC)NC(=O)C2=CC=C(C=C2)Cl)C,1
CCN(C(=O)CC(C(=O)/C=C/C1=CC(=C(C=C1)OC)OC)(C(=O)/C=C/C2=CC(=C(C=C2)OC)OC)C)CC,1
CC1=C(C(=CC=C1)Cl)C(=O)NNC(=O)C2=CC(=C(C=C2)C)C#CC3=CC4=CC=CC=C4N=C3,1
CN1C(=O)C=C(N=C1N2CCO[C@H](C2)C3=CC=C(C=C3)F)C4=NC=NC=C4,1
CCOC(=O)COC1=C2C(=C(C=C1)Cl)C=CC=N2,1
CN1CCC2=CC(=C3C=C2[C@@H]1CC4=CC=C(C=C4)OC5=C(C=CC(=C5)C[C@H]6C7=C(O3)C(=C(C=C7CCN6C)OC)OC)OC)OC,1
CC1=CC(=C(C=C1)N(C(=O)C(F)(F)F)/N=C/C2=CC(=CC=C2)OC)C,1
CN(C)[C@@H]1CCC2=C(C1)C3=C(N2)C=CC(=C3)NC(=O)C4=CC=C(C=C4)F.Cl,1
CN(C)C1CCC2=C(C1)C3=C(N2)C=CC(=C3)NC(=O)C4=CC=C(C=C4)F,1
C[N+](C)(C)CCC(=O)C1=CC=CC2=CC=CC=C21.[I-],1
C1COCCN1CC2=CN=C(C=C2)C3=C(NC4=C3C=C(C=C4)C#N)O,1
C1[C@H]2CNC[C@@H]1C3=C2C=CC(=C3)C(F)(F)F,1
CC1=C(C=C(C=N1)NC(=O)C2=CC(=C(C=C2)CN3CCN(CC3)C)C(F)(F)F)NC4=NC=CC(=N4)C5=CN=CC=C5,1
CC1=C(C=C(C=N1)NC(=O)C2=CC(=C(C=C2)CN3CCN(CC3)C)C(F)(F)F)NC4=NC=CC(=N4)C5=CN=CC=C5.CS(=O)(=O)O,1
CN1CCC2(CC1)NCC(=O)N2CC3=CC=CC=C3.Cl,1
C1=CC=C2C(=C1)C(=C(N2)O)C3=C(C4=CC=CC=C4N3)N=O,1
CC1=C2CCCC2=C(C=C1)OC[C@@H]([C@H](C)NC(C)C)O.Cl,1
CN1C2C(N(C1=O)C)N(C(=O)N2C)C,1
C1CN2C=C(C3=CC(=CC(=C32)CN1)F)C4=C(C(=O)NC4=O)C5=CN=C6N5C=CC=C6.Cl,1
C[C@@H](CN1CCC(CC1)CC2=CC=CC=C2)[C@H](C3=CC=C(C=C3)O)O.C(=C\C(=O)O)\C(=O)O,1
CNC(=O)C1=CN=C(C=C1)OC2=CC3=C(CCN(CC3)C4CCC4)C=C2,1
C1=CC=C(C=C1)C(CCCN)C2=CC=CC=C2,1
C=CC(=O)N1C(=O)CC(SC2=CC=CC=C21)C3=CC=C(C=C3)F,1
CO[C@H]1CN(CC[C@H]1NC(=O)C2=CC(=C(C=C2OC)N)Cl)CCCOC3=CC=C(C=C3)F,1
COCCCN1CCC(CC1)NC(=O)C2=CC(=C(C3=C2OCC3)N)Cl,1
CCCCCN=C(N)N/N=C/C1=CNC2=C1C=C(C=C2)OC.C(=C\C(=O)O)\C(=O)O,1
C[N+]1=C2CC/C(=C\C3=CC=CC4=CC=CC=C43)/C(=O)C2=C(C5=CC=CC=C51)N.[I-],1
C1=C(SC(=C1)Cl)S(=O)(=O)N[C@H](CO)C(C(F)(F)F)C(F)(F)F,1
COC1=C(C=C(C=C1)CCO[C@@H]2CCCC[C@H]2N3CC[C@H](C3)O)OC.Cl,1
CCCCC1=C(C2=CC=CC=C2O1)C(=O)C3=CC(=C(C(=C3)I)OCCN(CC)CC)I.Cl,1
C1=CC(=NC=C1Cl)C(=O)NCCN,1
CC1=C(C=C(C(=O)N1)C#N)C2=CC=NC=C2,1
CC1=C(C=C(C(=O)N1)C#N)C2=CN3C=CN=C3C=C2.Cl,1
C1CN(CCN1CCCCC2=CNC3=C2C=C(C=C3)C#N)C4=CC5=C(C=C4)OC(=C5)C(=O)N.Cl,1
C1CN(CCN1CCCCC2=CNC3=C2C=C(C=C3)C#N)C4=CC5=C(C=C4)OC(=C5)C(=O)N,1
CC(CN1C2=CC=CC=C2SC3=C1C=C(C=C3)C#N)CN(C)C,1
C[C@@H]1CC(=O)NN=C1C2=CC=C(C=C2)NN=C(C#N)C#N,1
CC1=C(SC2=C1C=C(C=C2)Cl)S(=O)(=O)NC3=CC(=C(C=C3)OC)N4CCNCC4.Cl,1
C1=CC(=CC(=C1)OCC(C(F)F)(F)F)CNCCC2=CNC3=C2C=CC(=C3)F.Cl,1
C1CN(CCN1)C2=CC=CC3=CC(=CN=C32)S(=O)(=O)C4=CC=CC=C4,1
C1=CC=C2C(=C1)C(=CN2S(=O)(=O)C3=C(N=C4N3C=CS4)Cl)CCN,1
CC1=NC2=C(C=C1)C(=CC=C2)N3CCN(CC3)CCC4=CC(=CC=C4)N5CCNC5=O,1
CCOC(=O)C1=C2[C@@H]3CCCN3C(=O)C4=C(N2C=N1)C=CC(=C4)OC,1
COCCCC1=CC2=C(C=C1)OC(=C2)C3=CC(=C(C=C3)OC)OC,1
CN(C)C1=CC2=C(C=C1)C3=C(C2)C=C(C=C3)Br,1
CC1=CC2=C(C=C1)N(C3=C2CN(CC3)C)CCC4=CN=C(C=C4)C.Cl.Cl,1
C1CN(CCN1CCC2=C(C=C3C(=C2)CC(=O)N3)Cl)C4=NSC5=CC=CC=C54,1
C1CN(CCC1C2=CN(C3=C2C=C(C=C3)Cl)C4=CC=C(C=C4)F)CCN5CCNC5=O,1
C1CN(CCN1CCOCCO)C2=NC3=CC=CC=C3SC4=CC=CC=C42,1
C1CC(=O)NC2=C1C=CC(=C2)OCCCCN3CCN(CC3)C4=C(C(=CC=C4)Cl)Cl,1
C1=CC=C2C(=C1)C=CC(=N2)COC3=CC=C(C=C3)C4=NN(C=C4C5=CC=NC=C5)CC(F)(F)F,1
CC(C)COC1=CC=C(C=C1)CNC(=O)N(CC2=CC=C(C=C2)F)C3CCN(CC3)C,1
CC(C)COC1=CC=C(C=C1)CNC(=O)N(CC2=CC=C(C=C2)F)C3CCN(CC3)C.CC(C)COC1=CC=C(C=C1)CNC(=O)N(CC2=CC=C(C=C2)F)C3CCN(CC3)C.[C@@H]([C@H](C(=O)O)O)(C(=O)O)O,1
C1C[C@H]2C[C@@H]1[C@H]3[C@@H]2C(=O)N(C3=O)CCCCN4CCN(CC4)C5=NC=CC=N5,1
CC(C1=C(C(=CC(=C1)Cl)OC)OC)NC2=C(C=CC(=C2)N3CCNCC3)S(=O)(=O)C.Cl,1
CCOC1=CC=CC=C1O[C@@H]([C@H]2CNCCO2)C3=CC=CC=C3.CS(=O)(=O)O,1
C1CN=C(N1)C2COC3=CC=CC=C3O2.Cl,1
COC1=CC(=C(C=C1)/C=C/2\CCCN=C2C3=CN=CC=C3)OC.Cl.Cl,1
COC1=C(C=C2C(=C1)CC(C2=O)CC3CCN(CC3)CC4=CC=CC=C4)OC,1
C(CN)CS(=O)(=O)O,1
C1CN(CC=C1C2=CC(=CC=C2)C(F)(F)F)CCC3=CC4=CC=CC=C4C=C3.Cl,1
CN(C)C(=O)NC1CCC(CC1)CCN2CCN(CC2)C3=C(C(=CC=C3)Cl)Cl,1
CN(C)C(=O)NC1CCC(CC1)CCN2CCN(CC2)C3=C(C(=CC=C3)Cl)Cl.Cl,1
C[C@@](COC1=C(C=CC(=C1)C#N)C(F)(F)F)(C#N)NC(=O)C2=CC=C(C=C2)SC(F)(F)F,1
C1CN(CCC1CC2=CC=C(C=C2)F)C(=O)C(=O)NC3=CC4=C(C=C3)NC(=O)O4,1
C1CN(CCN1CC2=CC(=CN=C2)C3=CC=C(C=C3)F)C4=C5C(=CC=C4)OCCO5,1
C1=CC=C(C=C1)CN2C(=O)N(SC2=O)C3=CC=CC4=CC=CC=C43,1
CCCC1=CN(C2=C1N=C(NC2=O)C3=C(C=CC(=C3)S(=O)(=O)N4CCN(CC4)CCO)OCCC)CC.Cl.Cl,1
COC1=CC=CC(=C1OC)[C@@H](C2CCN(CC2)CCC3=CC=C(C=C3)F)O,1
C1COCCN1C2=NC(=O)N(C2)C3=CC=C(C=C3)Cl,1
CN1CCN(CC1)C2=CC=CC3=C2OC(=O)N3.Cl,1
CC1=C2C(=O)NC(=NN2C(=N1)[C@@H](CCCC3=CC=CC=C3)[C@@H](C)O)CC4=CC(=C(C=C4)OC)OC,1
CCN1CCN(CC1)CC2=C(C=C(C=C2)NC(=O)NC3=CC=C(C=C3)OC4=NC=NC(=C4)NC)C(F)(F)F,1
CCCC1=NN(C2=C1N=C(NC2=O)C3=C(C=CC(=C3)S(=O)(=O)N4CCN(CC4)C)OCC)C,1
CCCC1=NN(C2=C1N=C(NC2=O)C3=C(C=CC(=C3)S(=O)(=O)N4CCN(CC4)C)OCC)C.C(C(=O)O)C(CC(=O)O)(C(=O)O)O,1
C1=C(C(=CC2=C1NC(=O)C(=O)N2)[N+](=O)[O-])C#N,1
C1=C2C(=CC(=C1[N+](=O)[O-])[N+](=O)[O-])NC(=O)C(=O)N2,1
C1=CC2=C3C(=CC(=C2C(=C1)S(=O)(=O)N)[N+](=O)[O-])NC(=O)C(=O)N3,1
C1COCCN1C2=CC3=C(C=C2C(F)(F)F)NC(=O)C(=O)N3CP(=O)(O)O,1
C1COCCN1C2=CC3=C(C=C2C(F)(F)F)NC(=O)C(=O)N3CP(=O)(O)O.O,1
C[C@@]12C3=CC=CC=C3C[C@@H](N1)C4=CC=CC=C24.C(=C\C(=O)O)\C(=O)O,1
C1=CC=C(C=C1)/C(=C\C2=C(NC3=C2C(=CC(=C3)Cl)Cl)C(=O)O)/C(=O)O,1
CS(=O)(=O)NC1=CC2=C(C=C1)OC3=C(C=CC(=C23)C(=O)NC4=C(C=NC=C4Cl)Cl)OC(F)F,1
COC1=C(C=C(C=C1)Cl)C(=O)NCCC2=CC=C(C=C2)S(=O)(=O)NC(=O)NC3CCCCC3,1
C1CC1C(=O)C2=CC=C(C=C2)OCCCC3=CN=CN3.C(=C\C(=O)O)\C(=O)O,1
COC1=C(C=C(C=C1)C(=O)N2CCN(CC2)C3=CC4=C(C=C3)NC(=O)CC4)OC,1
CC(=O)O/N=C/1\C2=CC=CC=C2N=C1C3=C(NC4=C3C=CC(=C4)Br)O,1
CC1CCN(CC1)CC[C@H]2CCCN2S(=O)(=O)C3=CC=CC(=C3)O.Cl,1
COC1=CC2=C(C=C1)N=C(S2)NC(=O)NC3=CC=CC=C3,1
CCCN(CCC1=CC=CS1)C2CCC3=C(C2)C=CC=C3O.Cl,1
C=CC(CCC(=O)O)N,1
CC1=CC(=C(C=C1)SC2=CC=CC=C2N3CCNCC3)C,1
CC1=CC(=C(C=C1)SC2=CC=CC=C2N3CCNCC3)C.Br,1
CC(C)C1=NC(=NC(=C1)C2=CC=C(C3=CC=CC=C32)F)N.Cl,1
C1CN2CCC1[C@H](C2)NC(=O)C3=CC4=C(S3)C(=CC=C4)Cl.Cl,1
C1=CC=C(C(=C1)C2=C(C(=O)NC2=O)NC3=CC(=C(C=C3)O)Cl)[N+](=O)[O-],1
C[C@@H]1CN(C[C@H]1C2=NC3=C(C=NN3C4CCOCC4)C(=O)N2)CC5=NC=CC=N5,1
COC1=C(C=C(C=C1)CC2=CC=C(C=C2)NC(=O)N)C3=CC(=CC=C3)Cl,1
C1CC1COC2=C(C=CC(=C2)C(=O)NC3=C(C=NC=C3Cl)Cl)OC(F)F,1
CC1=C(C=C(C=C1)NC(=O)C2=CC=C(C=C2)CN3CCN(CC3)C)NC4=NC=CC(=N4)C5=CN=CC=C5,1
C1CN(CCC1NC2=C3C=C(SC3=NC=N2)Cl)CC4=CC(=C(C=C4)F)C#N,1
COC1=C(C=CC(=C1)C2=NNC(=O)C=C2)OC(F)F,1
COCCN1CCN(CC1)CC2=CC=C(C=C2)C3=NNC4=C3C(=O)C5=C4C=CC=C5NC(=O)NN6CCOCC6.Cl.Cl,1
COCCN1CCN(CC1)CC2=CC=C(C=C2)C3=NNC4=C3C(=O)C5=C4C=CC=C5NC(=O)NN6CCOCC6,1
C1CN(CCN1)C2=CN=CC(=N2)OCC3=CC(=CC=C3)Cl.Cl,1
CC1=NC(=CC=C1)CCN2CCC(CC2)C(=O)C3=CC=C(C=C3)NS(=O)(=O)C.Cl.Cl,1
CC(C)OC(=O)N1CCC(CC1)OC2=NC=NC3=C2C=NN3C4=C(C=C(C=C4)S(=O)(=O)C)F,1
CCCCN1CCC(CC1)CNC(=O)C2=C3N(CCCO3)C4=CC=CC=C42,1
C1CN(CCN1)C2=CC(=O)C3=C(O2)C(=CC=C3)C4=CC=CC=C4.Cl,1
CC1=C(C=C(C=C1)C(=O)NC2=CC(=C(C=C2)CN3CCN(CC3)C)C(F)(F)F)C#CC4=CC5=C(NN=C5)N=C4,1
CC1=C(C=C(C=C1)C(=O)NC2=CC(=C(C=C2)CN3CCN(CC3)C)C(F)(F)F)C#CC4=CC5=C(NN=C5)N=C4.CS(=O)(=O)O.CS(=O)(=O)O,1
COC1=CC2=C(C=C1)N=C(N(C2=O)C3=CC=C(C=C3)C(=O)O)/C=C/C4=CC(=CC=C4)[N+](=O)[O-],1
C1C(=O)N(C2=CC=CC=C2S1)CC3=CC(=CC=C3)C(F)(F)F,1
C1=CC(=CC(=C1)C(=O)NCCO)C2=CC(=NC=N2)NC3=CC=C(C=C3)OC(F)(F)F,1
C1CNCCC1[C@@H](COC2=CC=C(C=C2)C3=NC4=CC=CC=C4N3CC5=CC=CC=C5)N6C7=CC=CC=C7N=C6C8=CC=CC=C8,1
CC(C)C1=NOC(=C1)CNC2=NC(=CC(=N2)N3CCN(CC3)C)NC4=NNC(=C4)C5CC5,1
CN1CCN(CC1)S(=O)(=O)C2=CC=C(C=C2)C3=CN=C(C(=N3)C(=O)NC4=CN=CC=C4)N,1
C1CN(CCN1CCCCOC2=CC3=C(C=C2)C=CC(=O)N3)C4=C5C=CSC5=CC=C4,1
C[C@]12CCN([C@H]1N(C3=C2C=C(C=C3)OC(=O)NC4=CC=CC=C4)C)C,1
C1CCN(CC1)C(=O)N2CCN3C=C(C4=CC(=CC(=C43)C2)F)C5=C(C(=O)NC5=O)C6=CN=C7N6C=CC=C7,1
C1=C(C=C(C2=C1NC(=C2CCC(=O)O)C(=O)O)Cl)Cl,1
CC1=CC(=C(C(=C1OC(=O)C)C)C)OCC(CNC(C)C)O.Cl,1
CN(CC#C)CC1=CC2=CC=CC=C2OC3=CC=CC=C31.C(=C\C(=O)O)\C(=O)O,1
C/C(=C\C=C\C=C(\C=C\C=C(\C(=O)[O-])/C)/C)/C=C/C=C(/C(=O)[O-])\C.[Na+].[Na+],1
CCOC1=C(C(=CC=C1)OCCN(C)C)C(=O)NC2=CC(=C(C=C2)Cl)C(F)(F)F,1
C1=CC(=C(C=C1/C=C/C(=O)C2=C(C=C(C=C2)O)O)O)O,1
CN1C[C@H]2[C@H](C1)C3=C(C=CC(=C3)Cl)OC4=CC=CC=C24.Cl,1
CCN=C1NC2=C(C=C(C=C2)Cl)C(O1)(C)C3=CC=CC=C3.Cl,1
CCN=C1NC2=C(C=C(C=C2)Cl)C(O1)(C)C3=CC=CC=C3,1
C1CN(CCN1)C2=C3C(=CC=C2)OCCO3,1
COC1=CC2=C(C=C1)NC=C2C3=CCNCC3,1
CC1=CSC(=N1)NC(=O)CSC2=NN=C(C=C2)C3=CC=CC=C3,1
CC1=C(C(=NO1)C2=CC=C(C=C2)F)COC3=NC=C(C=C3)C(=O)N4CCS(=O)(=O)CC4,1
COC1=CC(=C(C=C1C(=O)NCC2CCN(CC2)CC[C@@H](C3=CC=C(C=C3)F)OC(=O)N)Cl)N.Cl,1
C1[C@H]2[C@@]1(CNC2)C3=CC4=CC=CC=C4C=C3.Cl,1
C[C@]1(CS(=O)(=O)N(C(=N1)N)C)C2=C(C=CC(=C2)NC(=O)C3=NC=C(C=C3)F)F,1
COC1=C(C=C(C=C1)C2CC(=O)NC2)OC3CCCC3,1
COC1=C(C=C(C=C1)[C@H]2CC(=O)NC2)OC3CCCC3,1
CC(C)(C(=O)NC1[C@@H]2CC3C[C@H]1CC(C2)(C3)NS(=O)(=O)C)OC4=CC=C(C=C4)Cl,1
C1C(=NOC1(C2=CC(=CC(=C2)Cl)C(F)(F)F)C(F)(F)F)C3=CC=C(C4=CC=CC=C43)C(=O)NCC(=O)NCC(F)(F)F,1
COC1=CC(=CC(=C1OC)OC)/C=C/C(=O)NCCN2C3=CC=CC=C3C=C2C(F)(F)F,1
CCOC(=O)NC1=C(N=C(C=C1)NCC2=CC=C(C=C2)F)N.C(=C\C(=O)O)\C(=O)O,1
CC(=O)NCCCS(=O)(=O)[O-].CC(=O)NCCCS(=O)(=O)[O-].[Ca+2],1
CC(=O)NCCC1=CC=CC2=C1C=C(C=C2)OC,1
CC(=O)NCCC1=CC=CC2=C1C=C(C=C2)OC.Cl,1
CC(=O)NCCC1=CC=CC2=C1C=C(C=C2)OC.[C@@H]([C@H](C(=O)O)O)(C(=O)O)O,1
C1=CC(=CC=C1[C@@H](CC(=O)O)CN)Cl,1
CCN(C)C(=O)OC1=CC=CC(=C1)[C@H](C)N(C)C,1
CC(C)(C)NC[C@@H](COC1=NSN=C1N2CCOCC2)O.C(=C\C(=O)O)\C(=O)O,1
CC=C1[C@@H]2CC3=C([C@]1(CC(=C2)C)N)C=CC(=O)N3,1
CC=C1C2CC3=C(C1(CC(=C2)C)N)C=CC(=O)N3,1
CN1CCN(CC1)C2=NC3=CC=CC=C3OC4=C2C=C(C=C4)Cl,1
CN1CCN(CC1)C2=NC3=CC=CC=C3OC4=C2C=C(C=C4)Cl.C(CC(=O)O)C(=O)O,1
C1CC[C@H]2CN(C[C@H]2C1)C(=O)C[C@H](CC3=CC=CC=C3)C(=O)[O-].C1CC[C@H]2CN(C[C@H]2C1)C(=O)C[C@H](CC3=CC=CC=C3)C(=O)[O-].[Ca+2],1
CC1=CC=C(C=C1)C(=O)C2=CC(=C(C(=C2)O)O)[N+](=O)[O-],1
C1CN(CCN1CCC2=C(C=C3C(=C2)CC(=O)N3)Cl)C4=NSC5=CC=CC=C54.O.Cl,1
CC(=O)C1=CC(=C(C=C1)OCCCN2CCC(CC2)C3=NOC4=C3C=CC(=C4)F)OC,1
C1CCN[C@H](C1)[C@H](C2=CC(=NC3=C2C=CC=C3C(F)(F)F)C(F)(F)F)O.Cl,1
CC1=CC=C(C=C1)S(=O)(=O)NC(=O)N[C@H]2[C@H]3CC[C@@]([C@H]2O)(C3(C)C)C,1
C1CCC(CC1)N2C(=NN=N2)CCCCOC3=CC4=C(C=C3)NC(=O)CC4,1
CC(C)(C)NCC(COC1=CC=CC2=C1CCC(=O)N2)O.Cl,1
CCCC(=O)NC1=CC(=C(C=C1)OCC(CNC(C)C)O)C(=O)C.Cl,1
CC(C)NCC(COC1=CC=C(C=C1)CC(=O)N)O,1
CC(C)NCC(COC1=CC=C(C=C1)CCOC)O,1
CC(C)NCC(COC1=CC=C(C=C1)CCOC)O.CC(C)NCC(COC1=CC=C(C=C1)CCOC)O.C(CC(=O)O)C(=O)O,1
CC(C1=NC(=NC(=C1/C=C/[C@@H](O)C[C@@H](O)CC(=O)[O-])C2=CC=C(C=C2)F)N(S(=O)(=O)C)C)C.CC(C1=NC(=NC(=C1/C=C/[C@@H](O)C[C@@H](O)CC(=O)[O-])C2=CC=C(C=C2)F)N(S(=O)(=O)C)C)C.[Ca+2],1
CC(C)(/C=N/OC(=O)NC)S(=O)(=O)C,1
C[N+](C)(C)CCOP(=O)([O-])OC[C@@H](CO)O,1
CC1=CC=C(C=C1)/C=C\2/C3CCC(C2=O)(C3(C)C)C,1
C1C(CN1CCCOCCC2=CC3=C(C=C2)SC=C3)O.C(=C\C(=O)O)\C(=O)O,1
C1COC[C@@H]1OC2=CC=CC3=C2C(=NO3)OCC4CCN(CC4)CC5(CCOCC5)O,1
CC(=O)N1CCCC1(CC2=CC=C(C=C2)S(=O)(=O)C)C(=O)OCC3=CC=CC=C3,1
COC1=C(C=C(C=C1)CNC2=NC(=NC=C2C(=O)NCC3=NC=CC=N3)N4CCC[C@H]4CO)Cl,1
CCCC1=NN(C2=C1N=C(NC2=O)C3=C(C=CC(=C3)S(=O)(=O)NCCC4CCCN4C)OCCC)C,1
C1=CC=C(C(=C1)NCC2=CC=CC=N2)O,1
CN1CCN(CC1)CCCCN2C(=O)CN(C2=O)/N=C/C3=CC=C(O3)C4=CC=C(C=C4)Cl.Cl.Cl,1
C1=CC=C(C=C1)OC2=CC=CC(=C2)C3=C(C4=C(C=C(C=C4)Cl)NC3=O)O,1
CC/C(=C(\C1=CC=C(C=C1)O)/C2=CC=C(C=C2)OCCNC)/C3=CC=CC=C3.Cl,1
CC1=CC(=C(C(=C1)C)N=C2C=C3C4=CC(=C(C=C4CCN3C(=O)N2C)OC)OC)C.Cl,1
CC1CC(=O)NN=C1C2=CC=C(C=C2)NC(=NC)NC#N,1
C1CNC2=C(C(=O)C2=O)N(C1)CCP(=O)(O)O,1
B(C1=CC(=CC=C1)COC2=CC=C(C=C2)/C=C\3/C(=O)N(C(=O)S3)CC4=CC=C(C=C4)F)(O)O,1
CC1=C(C2=C(N1)C=CC(=C2)O)CCN,1
CC(C)C[C@@H](C(=O)N[C@@H](CC1=CC=CC=C1)C(=O)N)NC(=O)[C@H](CC2=CC=CC=C2)C[C@H]([C@H](CC3=CC=CC=C3)NC(=O)OC(C)(C)C)O,1
C1CCC(CC1)N(CC2=CC=CC=C2)C(=O)C3=CC=C(C=C3)Cl,1
CC(=O)N(C)C1=C(C=CC(=C1)C2=CC=NC3=C(C=NN23)C(=O)C4=CC=CS4)F,1
C1CN2CCC1N(CC2)C(=O)OC3=CC=C(C=C3)Br.Cl,1
C1CN(CCC1CN2CC3=CC=CC=C3C2=O)CC(=O)C4=CC=C(C=C4)F,1
C[C@@H]1CN(C[C@@H](N1)C)C2=C(C=C3CCN(C3=C2)C(=O)C4=CC=C(C=C4)C5=C(C=C(C=C5)C6=NOC(=N6)C)C)OC.Cl,1
CN1CCC2=CC(=C(C=C2[C@H](C1)C3=CC=CC=C3)O)Cl.Cl,1
CC1(CC(CC(N1)(C)C)OC2=NN=C(C=C2)C3=C(C=C(C=C3)C4=CNN=C4)O)C,1
C1CN2CCC1[C@H](C2)NC(=O)C3=CNC4=C(C3=O)SC=C4.Cl,1
CS(=O)(=O)OC1=CC2=C(C=C1)C(=C(O2)C(=O)C3=C(C=C(C=C3)Cl)Cl)NC(=O)N,1
C1CN(CCN1CCCCN2C(=O)C3=CC=CC=C3S2(=O)=O)C4=NC=CC=N4,1
CC1=CC=C(C=C1)S(=O)(=O)O.CN1CCN2[C@H]3CCN(C[C@H]3C4=C2C1=CC=C4)CCCC(=O)C5=CC=C(C=C5)F,1
CCOC(=O)N1CCC(CC1)NCCNC(=O)C2=CC=CC=C2C.Cl,1
CN1CCCN2C1=CC(=NC2=O)OCC3=CC(=C(C(=C3)F)OC4=CN=C(C=C4)C(F)(F)F)F,1
CC1=C(N=NN1CC2=CC(=C(C=C2)Cl)Cl)C(=O)NC3=CC=C(C=C3)CO,1
C1C[C@@H](N(C1)C(=O)CCCCC(=O)N2CCC[C@@H]2C(=O)OCOC(=O)OC3CCOCC3)C(=O)OCOC(=O)OC4CCOCC4,1
COC1=CC=CC=C1N2CCN(CC2)CCCCN3C(=O)C4=CC=CC=C4C3=O.Br,1
B1(C2=C(CO1)C=C(C=C2)OC3=NC=C(C=C3)C(=O)OCCCC)O,1
C1CNCCC2=C1C(=NN2CC3=CC=CC=C3)C4=CC=C(C=C4)Cl.C(C(=O)O)C(CC(=O)O)(C(=O)O)O,1
CC(=O)N(CC1=C(C=CC(=C1)OC)OC)C2=C(C=CC(=C2)F)OC3=CC=CC=C3,1
CN1C(=O)C=NN(C1=O)CCCCN2CCN(CC2)C3=NC=CC=N3,1
CN(C)C1=CC2=C(C=C1)NC3=C(S2)C=C(C=C3)N(C)C.CS(=O)(=O)O.CS(=O)(=O)O,1
C1=CC(=O)OC2=C(C3=C(C=CO3)C=C21)O,1
CN1CCC2=C(C1)C3=CC=CC=C3CC4=CC=CC=C24,1
CN1CCC2=C(C1)C3=CC=CC=C3CC4=CC=CC=C24.C(=C\C(=O)O)\C(=O)O,1
CCCCCCC[N+](CC)(CC)CCCCC1=CC=C(C=C1)Cl.CC1=CC=C(C=C1)S(=O)(=O)[O-],1
CN1C=C(C(=N1)C2=CC=C(C=C2)OCC3=NC4=CC=CC=C4C=C3)C5=CC=NC=C5,1
CN1C=C(C(=N1)C2=CC=C(C=C2)OCC3=NC4=CC=CC=C4C=C3)C5=CC=NC=C5.Cl,1
C1CC1NC(=O)NC2=C(NN=C2)C3=NC4=C(N3)C=C(C=C4)CN5CCOCC5,1
CCCCC1=NC(=CN1C2=CC=C(C=C2)OC3=CC=C(C=C3)Cl)C4=CC=C(C=C4)OCCCN(CC)CC,1
C1=CC=C(C=C1)C(C2=CC=C(C=C2)F)(C3=CC=C(C=C3)F)C(=O)N,1
CC1=CN(C=N1)C2=C(C=C(C=C2)C3=CN(N=N3)C4CCC5=C(C=CC=C5F)N(C4=O)CC(F)(F)F)OC,1
C1=CC(=CC=C1S(=O)(=O)N(CC2=C(C=C(C=C2)C3=NOC=N3)F)[C@H](CCC(F)(F)F)C(=O)N)Cl,1
C[C@@H]1CN(C[C@H]1C2=NC3=C(C=NN3C4CCOCC4)C(=O)N2)CC5=CC=CC=C5,1
CC1=C(C=C(C=C1)NC(=O)C2=CC(=C(C=C2)CN3CC[C@@H](C3)N(C)C)C(F)(F)F)NC4=NC=CC(=N4)C5=CN=CN=C5,1
CC1=CN(C=N1)C2=C(C=C(C=C2)/C=C/3\CC[C@H]4COC[C@H](N4C3=O)C5=CC(=C(C(=C5)F)F)F)OC,1
CC1=C(C=C(C=C1)NC(=O)C2=CC=C(C=C2)CN3CCN(CC3)C)NC4=NC=CC(=N4)C5=CN=CC=C5.CS(=O)(=O)O,1
C1C2=C(C3=C(C=CC=N3)NC1=O)NC4=C2C=C(C=C4)Br,1
CC1=C(N=CN1)CN2CCC3=C(C2=O)C4=CC=CC=C4N3C.Cl,1
CC1=CC(=CC2=C(C(=CN=C12)C(=O)N)NC3=CC(=CC=C3)OC)S(=O)(=O)C4=CC=CC(=C4)C(=O)N(C)C.C(=O)(C(F)(F)F)O,1
C1COC2=CC=CC=C21,1
CCCN(CCC1=CC=CS1)[C@H]2CCC3=C(C2)C=CC=C3O,1
CCCCC1=C(C2=C(O1)C=CC(=C2)NS(=O)(=O)C)C(=O)C3=CC=C(C=C3)OCCCN(CCCC)CCCC.Cl,1
CN1CC[C@@]23C=C[C@@H](C[C@@H]2OC4=C(C=CC(=C34)C1)OC)O,1
C1[C@@H]2C(=O)NCC(=O)N2[C@@H](C3=C1C4=CC=CC=C4N3)C5=CC6=C(C=C5)OCO6,1
CN1CC(=O)N2[C@@H](C1=O)CC3=C([C@H]2C4=CC5=C(C=C4)OCO5)NC6=CC=CC=C36,1
CN1CC(=O)N2[C@H](C1=O)CC3=C([C@@H]2C4=CC5=C(C=C4)OCO5)NC6=CC=CC=C36,1
CCCN(CCC1=CC=CS1)[C@H]2CCC3=C(C2)C=CC=C3O.Cl,1
C=CCN1CCC2=C(CC1)SC(=N2)N.Cl.Cl,1
CN1CC[C@@]23C=C[C@@H](C[C@@H]2OC4=C(C=CC(=C34)C1)OC)O.Br,1
CN1CCC[C@@H]1CC2=CNC3=C2C=C(C=C3)CCS(=O)(=O)C4=CC=CC=C4.Br,1
CCCCC1=C(C2=C(O1)C=CC(=C2)NS(=O)(=O)C)C(=O)C3=CC=C(C=C3)OCCCN(CCCC)CCCC,1
CC1=C(C(=O)N2CCCC(C2=N1)O)CCN3CCC(CC3)C4=NOC5=C4C=CC(=C5)F,1
CCCCCCCCCCCCCCCC(=O)OC1CCCN2C1=NC(=C(C2=O)CCN3CCC(CC3)C4=NOC5=C4C=CC(=C5)F)C,1
C1C[C@@H]2CN(C(=O)C3=CC=CC(=C23)C1)[C@@H]4CN5CCC4CC5.Cl,1
C1CN(CCC12CNC(=O)O2)CCC3=CC=CC=C3.Cl,1
C1CN=C(N1)CC2=CC=CC=C2.Cl,1
C1CN(CCN1CCCN2C3=CC=CC=C3SC4=C2C=C(C=C4)Cl)CCO,1
C1CN(CCN1CCN2C3=CC=CC=C3NC2=O)C4=CC=CC(=C4)C(F)(F)F,1
CC1=CC=CC=C1N2CCN(CC2)CCC3=NN=C4N3CCCC4.Cl,1
CC1=CC(=C(C=C1)Cl)OCC(CNC(C)(C)C)O,1
CC(C)NC[C@H](COC1=CC=CC2=CC=CC=C21)O.Cl,1
CC1=NC=CN1CC2CCC3=C(C2=O)C4=CC=CC=C4N3C,1
CN1C2=C(C(=O)N(C1=O)C)N(C=N2)CC3OCCO3,1
COC1=CC=CC=C1OCCNCC(COC2=CC=CC3=C2C4=CC=CC=C4N3)O,1
COC1=CC=CC=C1OCCNC[C@@H](COC2=CC=CC3=C2C4=CC=CC=C4N3)O,1
COC1=CC=CC=C1OCCNC[C@H](COC2=CC=CC3=C2C4=CC=CC=C4N3)O,1
C1=CC(=CC=C1C(CC(=O)O)CN)Cl,1
CCOC(=O)C1=C2CN(C(=O)C3=C(N2C=N1)C=CC(=C3)F)C,1
CN1[C@@H]2CC[C@H]1CC(C2)OC(=O)C3=CNC4=CC=CC=C43.Cl,1
C1CN(CCN1CCOCCO)C2=NC3=CC=CC=C3SC4=CC=CC=C42.C1CN(CCN1CCOCCO)C2=NC3=CC=CC=C3SC4=CC=CC=C42.C(=C/C(=O)O)\C(=O)O,1
C1CC[C@H]([C@@H](C1)CN2CCN(CC2)C3=NSC4=CC=CC=C43)CN5C(=O)[C@H]6[C@@H]7CC[C@@H](C7)[C@H]6C5=O.Cl,1
C=CC(CCC(=O)O)N.Cl,1
COC1=C(C=C2C(=C1)CC(C2=O)CC3CCN(CC3)CC4=CC=CC=C4)OC.Cl,1
C1C[C@H]2C[C@@H]1[C@H]3[C@@H]2C(=O)N(C3=O)CCCCN4CCN(CC4)C5=NC=CC=N5.C(C(=O)O)C(CC(=O)O)(C(=O)O)O,1
CN1C(=O)COC2=C(C=C(C=C21)Cl)C(=O)NC3CN4CCC3CC4.Cl,1
CN1C2CCCC1CC(C2)NC(=O)C3=NN(C4=CC=CC=C43)C.Cl,1
CN1[C@@H]2CC[C@H]1CC(C2)OC(=O)C3=CNC4=CC=CC=C43,1
CC(C)NCC(COC1=CC=C(C=C1)COCCOC(C)C)O.CC(C)NCC(COC1=CC=C(C=C1)COCCOC(C)C)O.C(=C/C(=O)O)\C(=O)O,1
COC1=C(C=C2C(=C1)C(=NC(=N2)N3CCN(CC3)C(=O)C4COC5=CC=CC=C5O4)N)OC.CS(=O)(=O)O,1
CCOC(=O)C1=CN=CN1[C@H](C)C2=CC=CC=C2,1
CCOC(=O)C1=CN=CN1[C@H](C)C2=CC=CC=C2.Cl,1
CC1=CC(=C(C(=C1/C=C/C(=C/C=C/C(=C/C(=O)O)/C)/C)C)C)OC,1
CN1CCC(=C2C3=C(CCC4=CC=CC=C42)SC=C3)CC1,1
CNS(=O)(=O)CC1=CC2=C(C=C1)NC=C2CCN(C)C.C(CC(=O)O)C(=O)O,1
CC1(O[C@@H]2CO[C@@]3([C@H]([C@@H]2O1)OC(O3)(C)C)COS(=O)(=O)N)C,1
CN1C2=C(C(=O)N(C1=O)C)N(C=N2)CC(CO)O,1
C1=COC(=C1)CNC2=CC(=C(C=C2C(=O)O)S(=O)(=O)N)Cl,1
C1=COC(=C1)CNC2=CC(=C(C=C2C(=O)[O-])S(=O)(=O)N)Cl.[Na+],1
CN1C2=C(C(=O)N(C1=O)C)NC=N2.CN1C2=C(C(=O)N(C1=O)C)NC=N2.C(CN)N,1
CN(CCCN1CCC2=CC(=C(C=C2CC1=O)OC)OC)C[C@H]3CC4=CC(=C(C=C34)OC)OC.Cl,1
C1=CC=C(C=C1)C(COC(=O)N)COC(=O)N,1
CCOC1=CC(=C(C=C1C(=O)NCC2CN(CCO2)CC3=CC=C(C=C3)F)Cl)N.C(C(=O)O)C(CC(=O)O)(C(=O)O)O,1
CN(CCCNC(=O)C1CCCO1)C2=NC3=CC(=C(C=C3C(=N2)N)OC)OC,1
CN(CCCNC(=O)C1CCCO1)C2=NC3=CC(=C(C=C3C(=N2)N)OC)OC.Cl,1
COC1=C(C=C2C(=C1)C(=NC(=N2)N3CCN(CC3)C(=O)C4=CC=CO4)N)OC.Cl,1
CNS(=O)(=O)CCC1=CC2=C(C=C1)NC=C2C3CCN(CC3)C.Cl,1
C1CC2=C(C=CC(=C2)F)O[C@H]1[C@H](CNC[C@@H]([C@@H]3CCC4=C(O3)C=CC(=C4)F)O)O.Cl,1
CC1CC(=O)NN=C1C2=CC3=C(C=C2)N=C(N3)C4=CC=C(C=C4)OC,1
CN(C)CCC1=CNC2=C1C=C(C=C2)CN3C=NC=N3.C1=CC=C(C=C1)C(=O)O,1
C[N+]1=CC=CC(=C1)OC(=O)N(C)C.[Br-],1
C1=CC2=C(C=C1OC(F)(F)F)SC(=N2)N,1
C1=CC2=C(C=C1OC(F)(F)F)SC(=N2)N.Cl,1
CN(CCC1=CC=C(C=C1)NS(=O)(=O)C)CCOC2=CC=C(C=C2)NS(=O)(=O)C,1
CC1=CN=C(C=N1)C(=O)NCCC2=CC=C(C=C2)S(=O)(=O)NC(=O)NC3CCCCC3,1
CC1CC2=CC=CC=C2N1NC(=O)C3=CC(=C(C=C3)Cl)S(=O)(=O)N,1
CCN(CC)CC#CCOC(=O)C(C1CCCCC1)(C2=CC=CC=C2)O,1
CCN(CC)CC#CCOC(=O)C(C1CCCCC1)(C2=CC=CC=C2)O.Cl,1
CC(=O)OCC[N+](C)(C)C.[Cl-],1
C1CCN(CC1)C2=NC(=NC3=C2N=C(N=C3N4CCCCC4)N(CCO)CCO)N(CCO)CCO,1
C1=CC2=C(C(=C1)OCC(COC3=CC=CC4=C3C(=O)C=C(O4)C(=O)[O-])O)C(=O)C=C(O2)C(=O)[O-].[Na+].[Na+],1
C1=CC(=C(C=C1Cl)C2=NC(=NC(=N2)N)N)Cl,1
CC1=C(C(=CC=C1)C)NC(=O)CN2CCCC2=O,1
CN1CCN2C(C1)C3=CC=CC=C3CC4=C2N=CC=C4,1
CN1C(S(=O)(=O)CCC1=O)C2=CC=C(C=C2)Cl,1
CN1C(=CC(=O)N(C1=O)C)NCCCN2CCN(CC2)C3=CC=CC=C3OC.Cl,1
CC1C(=O)OC2C1(C34C(=O)OC5C3(C2)C6(C(C5)C(C)(C)C)C(C(=O)OC6O4)O)O,1
CC1=CC=C(C=C1)N(CC2=NCCN2)C3=CC(=CC=C3)O.CS(=O)(=O)O,1
CN1CCC(=C2C3=CC=CC=C3C=CC4=CC=CC=C42)CC1.Cl,1
CC1=CC=CC=C1C(C2=CC=CC=C2)OCCN(C)C.C(C(=O)O)C(CC(=O)O)(C(=O)O)O,1
COC1=C(C=C2C(=C1)C(=NC(=N2)N3CCN(CC3)C(=O)C4CCCO4)N)OC.O.O.Cl,1
COC1=C(C=C2C(=C1)C(=NC(=N2)N3CCN(CC3)C(=O)[C@H]4CCCO4)N)OC,1
COC1=C(C=C2C(=C1)C(=NC(=N2)N3CCN(CC3)C(=O)[C@@H]4CCCO4)N)OC,1
CC(C)NCC(COC1=CC=C(C=C1)CCOCC2CC2)O,1
CC(C)NCC(COC1=CC=C(C=C1)CCOCC2CC2)O.Cl,1
CC(C)NC[C@@H](COC1=CC=C(C=C1)CCOCC2CC2)O.Cl,1
CN(C)CCC1=CNC2=C1C=C(C=C2)CS(=O)(=O)N3CCCC3.C(C(C(=O)O)O)C(=O)O,1
COC1=CC=CC=C1N2CCN(CC2)CC(COC3=CC=CC4=CC=CC=C43)O,1
COC1=C(C=C(C=C1)[C@@H]2CC(=O)NC2)OC3CCCC3,1
CCCCNC(=O)NS(=O)(=O)C1=CC=C(C=C1)C,1
C[C@]12CC[C@H]3[C@H]([C@@H]1C[C@H]([C@@H]2O)O)CCC4=C3C=CC(=C4)O,1
CC(C)C1CCC(CC1)C(=O)N[C@H](CC2=CC=CC=C2)C(=O)O,1
CN(C)C(=O)OC1=CC=CC(=C1)[N+](C)(C)C.[Br-],1
CC(COC1=CC=CC=C1)N(CCCl)CC2=CC=CC=C2.Cl,1
CCCC1=NC(=C2N1N=C(NC2=O)C3=C(C=CC(=C3)S(=O)(=O)N4CCN(CC4)CC)OCC)C.Cl,1
C1CN(CCN1CCCN2C(=O)N3C=CC=CC3=N2)C4=CC(=CC=C4)Cl.Cl,1
CCN(CCCC1=CC=CC=C1)CCCC2=CC=CC=C2.C(C(=O)O)C(CC(=O)O)(C(=O)O)O,1
C1C2=C(C=CC(=C2Cl)Cl)N=C3N1CC(=O)N3.Cl,1
CN(C)CCC=C1C2=CC=CC=C2CCC3=CC=CC=C31.Cl,1
CCN1CC(C(C1=O)(C2=CC=CC=C2)C3=CC=CC=C3)CCN4CCOCC4.O.Cl,1
CCCN1CCCC[C@H]1C(=O)NC2=C(C=CC=C2C)C,1
CCCN1CCCC[C@H]1C(=O)NC2=C(C=CC=C2C)C.O.Cl,1
CCCN1CCCCC1C(=O)NC2=C(C=CC=C2C)C.Cl,1
CCCN1CCCC[C@H]1C(=O)NC2=C(C=CC=C2C)C.CS(=O)(=O)O,1
C[N+](C)(C)CCCCCCCCCC[N+](C)(C)C.[Br-].[Br-],1
CC(C)NCC(COC1=CC=CC2=CC=CC=C21)O.Cl,1
CC(C)NCC(COC1=CC=CC2=CC=CC=C21)O,1
CN1C=C(C2=CC=CC=C21)C(=O)[C@@H]3CCC4=C(C3)NC=N4.Cl,1
CC(C)C1=C(C(=CC=C1)C(C)C)O,1
CCOC1=CC=CC=C1OCCN[C@H](C)CC2=CC(=C(C=C2)OC)S(=O)(=O)N,1
C[C@@]1(C(=O)N2[C@H](C(=O)N3CCC[C@H]3[C@@]2(O1)O)CC4=CC=CC=C4)NC(=O)[C@@H]5C[C@H]6[C@@H](CC7=CNC8=CC=CC6=C78)N(C5)C.CS(=O)(=O)O,1
C1CC[C@H]2CN(C[C@H]2C1)C(=O)C[C@H](CC3=CC=CC=C3)C(=O)[O-].C1CC[C@H]2CN(C[C@H]2C1)C(=O)C[C@H](CC3=CC=CC=C3)C(=O)[O-].O.O.[Ca+2],1
CC1=C(SC=C1)C(=CCCN2CCC[C@H](C2)C(=O)O)C3=C(C=CS3)C.Cl,1
CN1C[C@@H](C[C@]2([C@H]1CC3=CN(C4=CC=CC2=C34)C)OC)COC(=O)C5=CC(=CN=C5)Br,1
CC(=O)O[C@H]1CC2=CC=CC=C2N(C3=CC=CC=C13)C(=O)N,1
CC(=O)CCCCN1C(=O)C2=C(N=CN2C)N(C1=O)C,1
CN1C(=CC(=O)N(C1=O)C)NCCCN2CCN(CC2)C3=CC=CC=C3OC,1
C1CC[C@H]2[C@@H](C1)C(=O)N(C2=O)CCCCN3CCN(CC3)C4=NSC5=CC=CC=C54,1
CN(C)CCOC1=CC=C(C=C1)CNC(=O)C2=CC(=C(C=C2)OC)OC.Cl,1
CN(C)CCC=C1C2=CC=CC=C2C=CC3=CC=CC=C31.Cl,1
C1[C@@H]2CC(C[C@H]3N2CC(=O)C1C3)OC(=O)C4=CNC5=CC=CC=C54,1
CS(=O)(=O)O.C1[C@@H]2CC(C[C@H]3N2CC(=O)C1C3)OC(=O)C4=CNC5=CC=CC=C54.O,1
CC1=CC=C(C=C1)S(=O)(=O)NC(=O)NN2CC3CCCC3C2,1
CC(C)C1=NN2C=CC=CC2=C1C(=O)C(C)C,1
CCCC(=O)NC1=C2C(=NC=N1)N(C=N2)[C@H]3[C@@H]([C@H]4[C@H](O3)COP(=O)(O4)[O-])OC(=O)CCC.[Na+],1
CCCC(=O)NC1=C2C(=NC=N1)N(C=N2)[C@H]3[C@@H]([C@H]4[C@H](O3)COP(=O)(O4)O)OC(=O)CCC.CCCC(=O)NC1=C2C(=NC=N1)N(C=N2)[C@H]3[C@@H]([C@H]4[C@H](O3)COP(=O)(O4)O)OC(=O)CCC.[Ca],1
C[C@@H](CO)NC(=O)[C@@H]1C[C@H]2[C@@H](CC3=CNC4=CC=CC2=C34)N(C1)C.CS(=O)(=O)O,1
CC(C)(C)NCC(COC1=CC=CC2=C1C[C@@H]([C@@H](C2)O)O)O,1
CN1C2=C(C(=O)N(C1=O)C)NC=N2,1
CCOP(=S)(OCC)OC1=NC(=C(C=C1Cl)Cl)Cl,1
CCN(CC1=CN=C(C=C1)Cl)/C(=C/[N+](=O)[O-])/NC,1
C1=C(C=C(C(=C1Cl)N2C(=C(C(=N2)C#N)S(=O)C(F)(F)F)N)Cl)C(F)(F)F,1
CC(=NC#N)N(C)CC1=CN=C(C=C1)Cl,1
CCCSP(=O)(OCC)OC1=C(C=C(C=C1)Br)Cl,1
CC(=O)NP(=O)(OC)SC,1
CC[N+](C)(C)C1=CC(=CC=C1)O.[Cl-],1
C1=CC(=CC2=NC3=C(C=CC(=C3)N)C=C21)N.C1=CC(=CC2=NC3=C(C=CC(=C3)N)C=C21)N.OS(=O)(=O)O,1
C1CN(CCC1(C2=CC=C(C=C2)Br)O)CCCC(=O)C3=CC=C(C=C3)F,1
CNCCCC1C2=CC=CC=C2C=CC3=CC=CC=C13.Cl,1
CN1CCCCC1CCN2C3=CC=CC=C3SC4=C2C=C(C=C4)SC.Cl,1
CN1C(CCCC1CC(=O)C2=CC=CC=C2)CC(C3=CC=CC=C3)O.Cl,1
CC(C)NCC(COC1=CC=CC2=C1C=CN2)O,1
CC(=O)N(CCCCCNC(=O)CCC(=O)N(CCCCCNC(=O)CCC(=O)N(CCCCCN)O)O)O.CS(=O)(=O)O,1
CCOC(=O)NNC1=NN=CC2=CC=CC=C21.Cl,1
CN1C[C@@H](C[C@H]2[C@H]1CC3=CN(C4=CC=CC2=C34)C)CNC(=O)OCC5=CC=CC=C5,1
COP(=S)(OC)OC1=CC(=C(C=C1Cl)Cl)Cl,1
CN1CCC(=C2C3=CC=CC=C3SC4=CC=CC=C42)CC1.C(=C\C(=O)O)\C(=O)O,1
CCN(CC)CCOC(=O)C(CC1CCCO1)CC2=CC=CC3=CC=CC=C32.C(=O)(C(=O)O)O,1
CC(CCC1=CC=CC=C1)NCC(C2=CC(=C(C=C2)O)C(=O)N)O.Cl,1
CCN(CC)CCNC(=O)C1=CC=C(C=C1)NC(=O)C,1
C1CCC2(C1)CC(=O)N(C(=O)C2)CCCCN3CCN(CC3)C4=NC=CC=N4.Cl,1
C1[C@@H](C(=O)NO1)N,1
CC(C)(C)NC[C@@H](COC1=CC=CC=C1C2CCCC2)O.CC(C)(C)NC[C@@H](COC1=CC=CC=C1C2CCCC2)O.OS(=O)(=O)O,1
CN1CCC(=C2C3=CC=CC=C3C=CC4=CC=CC=C42)CC1.CN1CCC(=C2C3=CC=CC=C3C=CC4=CC=CC=C42)CC1.O.O.O.Cl.Cl,1
CC(C)(C)C1=CC=C(C=C1)C(CCCN2CCC(CC2)C(C3=CC=CC=C3)(C4=CC=CC=C4)O)O,1
CN(C)C(=O)OC1=CC=CC(=C1)[N+](C)(C)C.COS(=O)(=O)[O-],1
CC(CN1C2=CC=CC=C2CCC3=CC=CC=C31)CN(C)C.C(=C\C(=O)O)\C(=O)O,1
CC(C)NCC(C1=CC2=CC=CC=C2C=C1)O,1
CCN(CC)CCOC(=O)C(C1CCCCC1)C2=CC=CC=C2.Cl,1
C[C@@]12CCN([C@@H]1N(C3=C2C=C(C=C3)OC(=O)NC)C)C.C1=CC=C(C(=C1)C(=O)O)O,1
CC(COC1=CC=CC=C1)NC(C)C(C2=CC=C(C=C2)O)O.Cl,1
CN(C)CCN(CC1=CC=C(C=C1)OC)C2=CC=CC=N2.C(=C\C(=O)O)\C(=O)O,1
CC1=CC=CC=C1OCC(CO)O,1
C1=CN=CC=C1C2=CNC(=O)C(=C2)N,1
COC1=CC2=C(C=CN=C2C=C1)[C@@H]([C@H]3C[C@@H]4CCN3C[C@@H]4C=C)O.O.Cl,1
CCC1(CC(=O)NC(=O)C1)C,1
C1CN(CCC12C(=O)NCN2C3=CC=CC=C3)CCCC(=O)C4=CC=C(C=C4)F.Cl,1
CC(C)NCC(COC1=CC=C(C=C1)CCC(=O)OC)O.Cl,1
CCC1=NN(C(=O)N1CCOC2=CC=CC=C2)CCCN3CCN(CC3)C4=CC(=CC=C4)Cl.Cl,1
CCCCOC(=O)C1=CC=C(C=C1)N,1
CC1=CC(=C(C=C1OC(=O)C)C(C)C)OCCN(C)C.Cl,1
C1CCN(CC1)C2=NC(=[N+](C(=C2)N)OS(=O)(=O)[O-])N,1
CCCCCCCCCCCC[N+](C)(C)CCOC1=CC=CC=C1.[Br-],1
CC(C)NCC(COC1=CC=CC=C1OCC=C)O.Cl,1
C1CCC(CC1)C(CCN2CCCC2)(C3=CC=CC=C3)O.Cl,1
C1CCC2=NC3=CC=CC=C3C(=C2C1)N.Cl,1
CC(=C)[C@@H]1[C@@H]2[C@@H]3[C@@]4([C@]([C@H]1C(=O)O2)(C[C@@H]5[C@]4(O5)C(=O)O3)O)C,1
CN1C2=C(C(=O)N(C1=O)C)N(C=N2)CC(=O)O,1
CC(C)NCC(COC1=CC=CC=C1CC=C)O.Cl,1
C1CCN[C@@H](C1)C2=CN=CC=C2,1
CN1[C@@H]2CC[C@H]1CC(C2)OC(=O)C3=CC(=CC(=C3)Cl)Cl,1
CCN(CC)CCOC(=O)C(C1=CC=CC=C1)(C2=CC=CC=C2)O.Cl,1
CN(CCCCCCCCCCN(C)C(=O)OC1=CC=CC(=C1)[N+](C)(C)C)C(=O)OC2=CC=CC(=C2)[N+](C)(C)C.[Br-].[Br-],1
CC1=C(NC(=O)N1)C(=O)C2=CC=C(C=C2)SC,1
COC1=CC(=O)O[C@H](C1)/C=C/C2=CC=CC=C2,1
C[C@@H](CN1C2=CC=CC=C2SC3=C1C=C(C=C3)OC)CN(C)C,1
C1C(CN(C1=O)CC(=O)N)O,1
CC[N+](CC)(CC)CC.[Cl-],1
CCCCCCCC(=O)OCC(COC(=O)CCCCCCC)OC(=O)CCCCCCC,1
CCCOC1=CC=CC=C1C2=NC3=NNN=C3C(=O)N2,1
CC1=CC=CC=C1N2C(=NC3=C(C2=O)C=C(C=C3)N)CF,1
CCN(CC)C1=NC(=CC(=N1)OP(=S)(OC)OC)C,1
CC1=C(C=CC(=C1)OP(=S)(OC)OC)[N+](=O)[O-],1
CC(C)NC[C@H](COC1=CC=C(C=C1)CC(=O)N)O,1
C1CCN(CC1)CCOC(C2=CC=CC=C2)C3=CC=C(C=C3)Cl.Cl,1
C1=C(C=C(C(=C1O)O)O)C(=O)OC2=CC(=CC(=C2O)O)C(=O)OC[C@@H]3[C@H]([C@@H]([C@H]([C@@H](O3)OC(=O)C4=CC(=C(C(=C4)OC(=O)C5=CC(=C(C(=C5)O)O)O)O)O)OC(=O)C6=CC(=C(C(=C6)OC(=O)C7=CC(=C(C(=C7)O)O)O)O)O)OC(=O)C8=CC(=C(C(=C8)OC(=O)C9=CC(=C(C(=C9)O)O)O)O)O)OC(=O)C1=CC(=C(C(=C1)OC(=O)C1=CC(=C(C(=C1)O)O)O)O)O,1
CC(C)N(CCNC(=O)C1=CSC(=N1)NC(=O)C2=CC(=C(C=C2O)OC)OC)C(C)C.O.O.O.Cl,1
C1CCN(CC1)CCOC(C2=CC=CC=C2)C3=CC=C(C=C3)Cl.C1=CC=C(C=C1)C2=C(C=CC(=C2)C(=O)C3=CC=CC=C3C(=O)O)O,1
COC1=CC2=C(C=CN=C2C=C1)[C@H]([C@@H]3C[C@@H]4CCN3C[C@@H]4C=C)O,1
C1=CC(=C[N+](=C1)[C@H]2[C@@H]([C@@H]([C@H](O2)COP(=O)(O)[O-])O)O)C(=O)N,1
CN1CC[C@@]23C=CC(=O)C[C@@H]2OC4=C(C=CC(=C34)C1)OC,1
C1=CC=C2C(=C1)C=C(N2)C(=O)O,1
COC(=O)C1=CO[C@H]([C@H]2[C@@H]1CC=C2CO)O[C@H]3[C@@H]([C@H]([C@@H]([C@H](O3)CO)O)O)O,1
C[C@H]1[C@@H]([C@H]([C@H]([C@@H](O1)OC2=C(OC3=C(C2=O)C(=CC(=C3CC=C(C)C)O[C@H]4[C@@H]([C@H]([C@@H]([C@H](O4)CO)O)O)O)O)C5=CC=C(C=C5)OC)O)O)O,1
CC(=CCC[C@@](C)([C@H]1CC[C@@]2([C@@H]1[C@@H](C[C@H]3[C@]2(CC[C@@H]4[C@@]3(CC[C@@H](C4(C)C)O[C@H]5[C@@H]([C@H]([C@@H]([C@H](O5)CO)O)O)O[C@H]6[C@@H]([C@H]([C@@H]([C@H](O6)CO)O)O)O)C)C)O)C)O[C@H]7[C@@H]([C@H]([C@@H]([C@H](O7)CO[C@H]8[C@@H]([C@H]([C@@H](O8)CO)O)O)O)O)O)C,1
C[C@H]1[C@@H]([C@H]([C@H]([C@@H](O1)O[C@@H]2[C@H]([C@@H]([C@H](O[C@H]2O[C@H]3C[C@@]4([C@H](C[C@H]([C@H]5[C@]4(CC[C@@H]5[C@](C)(CCC=C(C)C)O[C@H]6[C@@H]([C@H]([C@@H]([C@H](O6)CO)O)O)O)C)O)[C@@]7([C@@H]3C([C@H](CC7)O)(C)C)C)C)CO)O)O)O)O)O,1
CC(=CCC[C@@](C)([C@H]1CC[C@@]2([C@@H]1[C@@H](C[C@H]3[C@]2(C[C@@H]([C@@H]4[C@@]3(CC[C@@H](C4(C)C)O)C)O[C@H]5[C@@H]([C@H]([C@@H]([C@H](O5)CO)O)O)O)C)O)C)O[C@H]6[C@@H]([C@H]([C@@H]([C@H](O6)CO)O)O)O)C,1
CN1CCC2=CC(=C(C3=C2[C@H]1CC4=CC=CC=C43)OC)OC,1
C(CC(=O)O)CN,1
COC1=C(C2=C(C[C@H]3C4=CC(=C(C=C4CCN3C2)OC)OC)C=C1)OC,1
C1=CC(=CC=C1CCO[C@H]2[C@@H]([C@H]([C@@H]([C@H](O2)CO)O)O)O)O,1
C1C2=CC(=C(C=C2[C@H]3[C@@]1(COC4=C3C=CC(=C4O)O)O)O)O,1
COC(=O)[C@H]1[C@H](CC[C@@H]2[C@@H]1C[C@H]3C4=C(CCN3C2)C5=CC=CC=C5N4)O.Cl,1
C1=CC(=CC=C1C2=COC3=C(C2=O)C=CC(=C3[C@H]4[C@@H]([C@H]([C@@H]([C@H](O4)CO)O)O)O)O)O,1
C[C@H]1[C@@H]([C@H]([C@H]([C@@H](O1)OC[C@@H]2[C@H]([C@@H]([C@H]([C@@H](O2)OC3=C(OC4=CC(=CC(=C4C3=O)O)O)C5=CC(=C(C=C5)O)O)O)O)O)O)O)O,1
C1[C@H]2CNC[C@@H]1C3=CC=CC(=O)N3C2,1
C1=CC=C(C=C1)C[C@@H](C(=O)O)N,1
CN1CCC2=CC3=C(C=C2[C@H]1[C@H]4C5=C(C6=C(C=C5)OCO6)C(=O)O4)OCO3,1
CN1CCC2=CC(=C(C=C2[C@H]1CC3=CC=C(C=C3)OC4=C(C=CC(=C4)C[C@@H]5C6=CC(=C(C=C6CCN5C)OC)O)O)OC)OC,1
COC1=C(C=C2C(=C1)CC[N+]3=C2C=C4C=CC5=C(C4=C3)OCO5)OC,1
COC1=C(C=C2C(=C1)CC[N+]3=C2C=C4C=CC5=C(C4=C3)OCO5)OC.[Cl-],1
C[C@H]1[C@@H]([C@H]([C@H]([C@@H](O1)OC2=C(C3=C(C(=C2)O)C(=O)C(=C(O3)C4=CC=C(C=C4)O)O)O)O)O)O,1
C[C@H]1[C@@H]([C@H]([C@H]([C@H](O1)O[C@@H]2[C@H](O[C@H]([C@@H]([C@H]2O)O)OC[C@@H]3[C@H]([C@@H](C([C@@H](O3)O[C@H]4CCC5(C([C@]4(C)CO)CCC6(C5C=CC78C6(C[C@@H](C9(C7CC(CC9)(C)C)CO8)O)C)C)C)O)O)O)CO)O)O)O,1
CC(=CCOC1=C2C(=CC3=C1OC=C3)C=CC(=O)O2)C,1
CC(=CCOC1=C2C=CC(=O)OC2=CC3=C1C=CO3)C,1
CC(=O)N[C@H]1CCC2=CC(=C(C(=C2C3=CC=C(C(=O)C=C13)SC)OC)OC)O[C@H]4[C@@H]([C@H]([C@@H]([C@H](O4)CO)O)O)O,1
CC1=C(C(=O)C(=C(C1=O)OC)OC)CCCCCCCCCCO,1
COC1=C(C=C2C(=C1)C=CC(=O)O2)O,1
CC(=CCCC(C)(C=C)O)C,1
COC1=C(C=CC(=C1O)O)/C=C/C(=O)C2=CC=C(C=C2)O,1
C[N+](C)(C)CCOC(=O)/C=C/C1=CC(=C(C=C1OC)O)OC.C(#N)[S-],1
C[C@H]1[C@@H]([C@H]([C@H]([C@@H](O1)OC[C@@H]2[C@H]([C@@H]([C@H]([C@@H](O2)OC3=CC(=C4C(=C3)OC(=CC4=O)C5=CC=C(C=C5)OC)O)O)O)O)O)O)O,1
CC1=CC[C@H]2C[C@@H]1C2(C)C,1
COC1=C(C(=C2C(=C1)C=CC(=O)O2)O[C@H]3[C@@H]([C@H]([C@@H]([C@H](O3)CO)O)O)O)O,1
C[C@H]1[C@@H]([C@H]([C@H]([C@@H](O1)O[C@@H]2[C@H]([C@@H]([C@H](O[C@H]2O[C@H]3C[C@@]4([C@H](C[C@H]([C@H]5[C@]4(CC[C@@H]5[C@](C)(CCC=C(C)C)O)C)O)[C@@]6([C@@H]3C([C@H](CC6)O)(C)C)C)C)CO)O)O)O)O)O,1
CC(=CCC[C@@](C)([C@H]1CC[C@@]2([C@@H]1[C@@H](C[C@H]3[C@]2(CC[C@@H]4[C@@]3(CC[C@@H](C4(C)C)O[C@H]5[C@@H]([C@H]([C@@H]([C@H](O5)CO)O)O)O[C@H]6[C@@H]([C@H]([C@@H]([C@H](O6)CO)O)O)O)C)C)O)C)O)C,1
C[C@@]12CC[C@@]3(C(=CC[C@H]4[C@]3(CC[C@@H]5[C@@]4(CC[C@H]([C@]5(C)C(=O)O)O)C)C)[C@@H]1CC(CC2)(C)C)C,1
CC(=CCC[C@@](C)([C@H]1CC[C@@]2([C@@H]1[C@@H](C[C@H]3[C@]2(C[C@@H]([C@@H]4[C@@]3(CC[C@@H](C4(C)C)O)C)O[C@H]5[C@@H]([C@H]([C@@H]([C@H](O5)CO)O)O)O[C@H]6[C@@H]([C@H]([C@@H](CO6)O)O)O)C)O)C)O[C@H]7[C@@H]([C@H]([C@@H]([C@H](O7)CO)O)O)O)C,1
C[C@H]1[C@@H]([C@H]([C@H]([C@@H](O1)O[C@@H]2[C@H]([C@H](CO[C@H]2O[C@H]3CC[C@@]4([C@H]5CC[C@@H]6[C@H]7[C@@](C[C@@H](O[C@@]78C[C@]6([C@@]5(CC[C@H]4C3(C)C)C)CO8)C=C(C)C)(C)O)C)O)O[C@H]9[C@@H]([C@H]([C@@H]([C@H](O9)CO[C@H]1[C@@H]([C@H]([C@@H]([C@H](O1)CO)O)O)O)O)O)O[C@H]1[C@@H]([C@H]([C@@H](CO1)O)O)O)O)O)O,1
CC1=NC=C(C(=C1O)CO)CO.Cl,1
CC1CC2=CC3=C(C(=C2C4=C(C5=C(C=C4CC1C)OCO5)OC)OC)OCO3,1
C/C=C(/C)\C(=O)O[C@H]1C2=CC(=C(C(=C2C3=C(C4=C(C=C3C[C@@H]([C@]1(C)O)C)OCO4)OC)OC)OC)OC,1
C/C=C/C1=CC(=C(C=C1OC)OC)OC,1
C[C@@]12CC[C@@H]3[C@@]([C@H]1CC=C4[C@]2(CC[C@@]5([C@H]4CC(CC5)(C)C)C(=O)O)CO)(C[C@@H]([C@@H]([C@@]3(C)C(=O)O)O[C@H]6[C@@H]([C@H]([C@@H]([C@H](O6)CO)O)O)O)O)C,1
CC1=NC=CC2=C1NC3=C2C=CC(=C3)OC,1
COC1=C(C2=C[N+]3=C(C=C2C=C1)C4=CC(=C(C=C4CC3)O)OC)OC.[Cl-],1
CC1(C(O1)COC2=C3C=CC(=O)OC3=CC4=C2C=CO4)C,1
COC1=C(C2=C[N+]3=C(C=C2C=C1)C4=CC(=C(C=C4CC3)O)OC)OC.[OH-],1
COC1=C(C=C(C=C1)/C=C/C(=O)O)O,1
CO/C=C(\[C@H]1C[C@H]2[C@]3(CCN2C[C@@H]1C=C)C4=CC=CC=C4NC3=O)/C(=O)OC,1
C[C@@H]1C(=O)O[C@@H]2[C@]1([C@@]34C(=O)O[C@H]5[C@]3([C@@H]2O)[C@@]6([C@@H]([C@H]5O)C(C)(C)C)[C@H](C(=O)O[C@H]6O4)O)O,1
CC(C)([C@H]1CC2=C(O1)C=C3C(=C2)C=CC(=O)O3)O[C@H]4[C@@H]([C@H]([C@@H]([C@H](O4)CO)O)O)O,1
C[C@]12[C@H](CC3=CC4=C(C=C3[C@H]1N(CC5=C2C=CC6=C5OCO6)C)OCO4)O,1
C[C@@H]1[C@@H]2C3=CC(=C(C=C3CCN2CC4=C1C=CC(=C4OC)OC)OC)OC,1
COC1=C2C=COC2=NC3=C1C=CC=C3O,1
C[C@H]1[C@@H]([C@H]([C@H]([C@@H](O1)O[C@@H]2[C@H]([C@@H](CO[C@H]2O[C@@H]3CC[C@@H]4C(=CC[C@@H]5[C@]4(C(=O)C[C@]6([C@]5(C[C@H]([C@@H]6[C@@]7(C(=O)C=C(O7)C(C)C)C)O)C)C)C)C3(C)C)O)O)O)O)O,1
COC1=CC(=C(C(=C1)OC)CCC(=O)C2=CC=C(C=C2)O)OC,1
COC1=C(OC2=CC(=CC(=C2C1=O)O)O)C3=CC(=C(C=C3)O)O,1
CN1CCC2=CC3=C(C=C2C(=O)CC4=C(C1)C(=C(C=C4)OC)OC)OCO3,1
COC1=C(C2=C(C=C1)C=C3C4=CC5=C(C=C4CCN3C2)OCO5)OC,1
CC(C)C1=CC2=C(C3=C(C=C2)C(CCC3)(C)C)C(=O)C1=O,1
CC(=CCC1=C(C2=C(C=C1O)OC3=C(C2=O)C(=C(C(=C3)O)O)CC=C(C)C)O)C,1
C1CCN2[C@H](C1)[C@]34C[C@H]2C=CC3=CC(=O)O4,1
CCN1C[C@@]2(CC[C@@H]([C@@]34[C@@H]2C[C@@H]([C@H]31)[C@]56[C@H]4CC(=O)[C@H](C5)C(=C)[C@H]6O)O)C,1
COC1=CC(=O)OC(C1)/C=C/C2=CC=CC=C2,1
C/C=C(/C)\C(=O)O[C@H]1[C@H](C(OC2=C1C3=C(C=C2)C=CC(=O)O3)(C)C)OC(=O)C,1
CC(=CC[C@H](C1=CC(=O)C2=C(C=CC(=C2C1=O)O)O)OC(=O)C)C,1
C[C@@H]1CC(=O)C=C2[C@]1(C[C@@H](CC2)C(=C)C)C,1
C[C@H]1[C@@H]([C@H]([C@H]([C@@H](O1)O[C@@H]2[C@H]([C@@H]([C@H](O[C@H]2O[C@@H]3CC[C@@H]4C(=CC[C@@H]5[C@]4(C(=O)C[C@]6([C@]5(C[C@H]([C@@H]6[C@@]7(C(=O)C=C(O7)C(C)C)C)O)C)C)C)C3(C)C)CO)O)O)O)O)O,1
C1=CC(=CC=C1CCNC(=O)/C=C/C2=CC=C(C=C2)O)O,1
CC(C)[C@@]1(C(=O)N2[C@H](C(=O)N3CCC[C@H]3[C@@]2(O1)O)CC4=CC=CC=C4)NC(=O)[C@@H]5C[C@H]6[C@@H](CC7=CNC8=CC=CC6=C78)N(C5)C.CS(=O)(=O)O,1
CN1CCC=C(C1)C(=O)O,1
C/C=C\1/CN2CCC3=C([C@@H]2C[C@@H]1/C(=C/OC)/C(=O)OC)NC4=CC=CC=C34,1
C[C@H]1[C@@H]([C@H]([C@H]([C@@H](O1)OC2=C(C3=C(C(=C2)O)C(=O)C(=C(O3)C4=CC=C(C=C4)O)O)O)O)O[C@H]5[C@@H]([C@H]([C@@H]([C@H](O5)CO)O)O)O)O,1
COC1=CC(=CC2=C1OCO2)CC=C,1
CCCCCCCCCCCCCC(=O)OCC(COC(=O)CCCCCCCCCCCCC)OC(=O)CCCCCCCCCCCCC,1
COC1=C(C=C(C=C1)C2=C(C(=O)C3=C(C=C(C=C3O2)OC)O)OC)O,1
CN1CCC2=CC(=C(C3=C2[C@@H]1CC4=CC(=C(C=C43)OC)OC)OC)OC,1
C1=CC(=C(C=C1C2=[O+]C3=CC(=CC(=C3C=C2O[C@H]4[C@@H]([C@H]([C@H]([C@H](O4)CO)O)O)O)O)O)O)O.[Cl-],1
C[C@H]1[C@@H]2CN3CC[C@@]4([C@@H]3C[C@@H]2C(=CO1)C(=O)OC)C5=CC=CC=C5NC4=O,1
CN1CCC2=CC(=C(C3=C2C1=CC4=CC=CC=C43)OC)OC,1
C[N+](C)(C)CCOC(=O)/C=C/C1=CC(=C(C(=C1)OC)O)OC,1
C1=CC=C(C(=C1)C2=CC(=O)C3=C(O2)C=CC(=C3)O)O,1
CC1=CC2=C(C=C1)OC(=CC2=O)C3=CC=CC=C3,1
COC1=C(C(=C2C(=C1)OC(=CC2=O)C3=CC=C(C=C3)O)O)OC,1
C[C@]12CC[C@H]3C(=CC(=O)[C@H](O3)C(C)(C)O)[C@@]1(CC[C@@H]4[C@@]2(C5=C(C4)C6=CC=CC=C6N5)C)O,1
C/C=C/C1=CC(=C(C=C1)OC(=O)C)OC,1
C1C[N+]2=CC3=CC4=C(C=C3C=C2C5=CC6=C(C=C51)OCO6)OCO4.[Cl-],1
C[C@H]1[C@@H]([C@H]([C@H]([C@@H](O1)C2=C3C(=C(C(=C2O)[C@H]4[C@@H]([C@H]([C@@H]([C@H](O4)CO)O)O)O)O)C(=O)C=C(O3)C5=CC=C(C=C5)O)O)O)O,1
CN1CCC2=CC3=C(C4=C2[C@@H]1CC5=CC(=C(C=C54)OC)OC)OCO3,1
CC[C@H](C)[C@@H](C(=O)N[C@@H](CCCCN)C(=O)N[C@@H]([C@@H](C)CC)C(=O)N[C@@H](CC1=CNC2=CC=CC=C21)C(=O)N[C@@H](CC3=CC=CC=C3)C(=O)N[C@@H](CCC(=O)N)C(=O)N[C@@H](CC(=O)N)C(=O)N[C@@H](CCCNC(=N)N)C(=O)N[C@@H](CCCNC(=N)N)C(=O)N[C@@H](CCSC)C(=O)N[C@@H](CCCCN)C(=O)N[C@@H](CC4=CNC5=CC=CC=C54)C(=O)N[C@@H](CCCCN)C(=O)N[C@@H](CCCCN)C(=O)N[C@@H](CO)C(=O)N[C@@H](CC(=O)O)C(=O)NCC(=O)NCC(=O)N[C@@H](CC6=CC=C(C=C6)OP(=O)(O)O)C(=O)N[C@@H](CCSC)C(=O)N[C@@H](CC(=O)O)C(=O)N[C@@H](CCSC)C(=O)N[C@@H](CO)C(=O)O)NC(=O)[C@H](CCC(=O)N)NC(=O)[C@H](CCCNC(=N)N)N,1
C[C@@H](C(=O)N[C@@H](CCC(=O)O)C(=O)N[C@@H](CC1=CC=CC=C1)C(=O)N[C@@H](CCCNC(=N)N)C(=O)N[C@@H](CC2=CNC=N2)C(=O)N[C@@H](CC(=O)O)C(=O)N[C@@H](CO)C(=O)NCC(=O)N[C@@H](CC3=CC=C(C=C3)O)C(=O)N[C@@H](CCC(=O)O)C(=O)N[C@@H](C(C)C)C(=O)N[C@@H](CC4=CNC=N4)C(=O)N[C@@H](CC5=CNC=N5)C(=O)N[C@@H](CCC(=O)N)C(=O)O)NC(=O)[C@H](CC(=O)O)N,1
CC[C@H](C)[C@@H](C(=O)N[C@@H]([C@@H](C)CC)C(=O)NCC(=O)N[C@@H](CC(C)C)C(=O)N[C@@H](CCSC)C(=O)O)N,1
CC1=CC=C(C=C1)C(=O)OC2=CC=C(C=C2)C(CN(C)C)C3(CCCCC3)O.Cl,1
CC1=C(C(=O)N2C=CC=CC2=N1)CCN3CCC4=C(C3)C5=CC=CC=C5O4,1
C1CC[C@H]([C@@H](C1)N(C2CC2)C(=O)NCCCOC3=CC4=C(C=C3)NC(=O)C=C4)O,1
CC1=NC2=C(C=NC=C2)N3C1=NN=C3C4=CC=CC=C4Cl,1
CC1CCN(CC1)CC[C@@H](C)N(C)S(=O)(=O)C2=CC=CC(=C2)C,1
C1CC(=NC1)C2=CN=CC=C2,1
CCCCCCCCCCCCC(=O)OC,1
C1=CC=C(C=C1)C2=C(SC(=C2)C3=NC(=NO3)C4=CC(=CC=C4)C(F)(F)F)C(F)(F)F,1
C1(C(C(C(C(C1O)O)O)O)O)O,1
COC1=CC(=CC(=C1OC)OC)/C=C/C(=O)O,1
C1=CC=C(C=C1)C2=CC(=O)C3=C(O2)C(=C(C=C3)O)O,1
C1=CC=C2C(=C1)C(=CN2)CCC(=O)O,1
C1=CC(=CC(=C1)O)C[C@@H](C(=O)O)N,1
C[C@@H]([C@H](C1=CC=C(C=C1)O)O)N2CCC(CC2)(C3=CC=CC=C3)O,1
C1=CC=C(C=C1)N2C3=CC=CC=C3C(C2=O)(CC4=CC=NC=C4)CC5=CC=NC=C5,1
CCN(CC)C1=C(C=C(C=C1)C2=NNC(=O)CC2C)[N+](=O)[O-],1
C([C@@H](C([C@H](CO)O)O)O)O,1
C[C@@H]1CC(=O)NN=C1C2=CC=C(C=C2)N,1
C1=CC(=CC=C1C=O)O,1
CC1CCC(C(C1)O)C(C)C,1
CN1CCN(CC1)CCOC2=CC3=C(C(=C2)OC4CCOCC4)C(=NC=N3)NC5=C(C=CC6=C5OCO6)Cl,1
CC1=C(C=C(C=C1)NC(=O)C2=CC=C(C=C2)CN3CCN(CC3)C)NC4=NC(=CS4)C5=CN=CC=C5,1
CCCS(=O)(=O)NC1=C(C(=C(C=C1)F)C(=O)C2=CNC3=C2C=C(C=N3)Cl)F,1
CCCC(CCC)C(=O)[O-].[Na+],1
CCC(=O)NCC[C@@H]1CCC2=C1C3=C(C=C2)OCC3,1
CC1=CC=C(C=C1)C2=CC(=NN2C3=CC=C(C=C3)S(=O)(=O)N)C(F)(F)F,1
CCN1CCCC1CNC(=O)C2=CC(=C(C=C2OC)N)S(=O)(=O)CC,1
CNCCC(C1=CC=CC=C1)OC2=CC=C(C=C2)C(F)(F)F.Cl,1
COCCCC/C(=N\OCCN)/C1=CC=C(C=C1)C(F)(F)F.C(=C\C(=O)O)\C(=O)O,1
COC1=CC=CC=C1N2CCN(CC2)CC(COC3=CC=CC4=CC=CC=C43)O.Cl.Cl,1
CC1=NC=CN1CC2CCC3=C(C2=O)C4=CC=CC=C4N3C.Cl,1
CN1CCC(=C2C3=C(CCC4=CC=CC=C42)SC=C3)CC1.C(C(C(=O)O)O)C(=O)O,1
C[C@]12CC[C@H]3[C@H]([C@@H]1CC[C@@H]2O)CC[C@]45[C@@]3(CC(=C([C@H]4O5)O)C#N)C,1
CN1C2=CC=CC=C2C(C3=C(S1(=O)=O)C=C(C=C3)Cl)NCCCCCCC(=O)[O-].[Na+],1
C1CN=C(N1)NC2=C(C=CC3=NSN=C32)Cl.Cl,1
CN(C)CC(C1=CC=C(C=C1)OC)C2(CCCCC2)O.Cl,1
C1CN(CCN1CCC2=C(C=C3C(=C2)CC(=O)N3)Cl)C4=NSC5=CC=CC=C54.Cl,1
C1=CC(=C(C(=C1)Cl)C2=C3C=CC(=NN3C=NC2=O)SC4=C(C=C(C=C4)F)F)Cl,1
C1=CC=C2C(=C1)C3=NNC4=CC=CC(=C43)C2=O,1
C[C@@H](C(=O)N)NCC1=CC=C(C=C1)OCC2=CC(=CC=C2)F.CS(=O)(=O)O,1
CCC1=C(NC2=C1C=C(C=C2)Cl)C(=O)NCCC3=CC=C(C=C3)N4CCCCC4,1
CN1CCCCC1CN2C=C(C3=CC=CC=C32)C(=O)C4=C(C=CC(=C4)[N+](=O)[O-])I,1
C1=NC(=C2C(=N1)N(C=N2)[C@H]3[C@@H]([C@@H]([C@H](O3)CO)O)O)N,1
CN(C)CCC1=CNC2=C1C=C(C=C2)C[C@H]3COC(=O)N3,1
CC1=CC(=C(C=C1)C)OCCCC(C)(C)C(=O)O,1
C1C(C1)C2=NC3=CC=CC=C3C(=C2/C=C/[C@@H](O)C[C@@H](O)CC(=O)[O-])C4=CC=C(C=C4)F.C1C(C1)C2=NC3=CC=CC=C3C(=C2/C=C/[C@@H](O)C[C@@H](O)CC(=O)[O-])C4=CC=C(C=C4)F.[Ca+2],1
CN(C)CC/C=C\1/C2=CC=CC=C2SC3=C1C=C(C=C3)Cl,1
CC(C)CC1CN2CCC3=CC(=C(C=C3C2CC1=O)OC)OC,1
CCC(C)(C)C(=O)O[C@H]1C[C@H](C=C2[C@H]1[C@H]([C@H](C=C2)C)CC[C@@H]3C[C@H](CC(=O)O3)O)C,1
CC(C)OC(=O)C(C)(C)OC1=CC=C(C=C1)C(=O)C2=CC=C(C=C2)Cl,1
COC1=C(C=CC(=C1)/C=C/C(=O)CC(=O)/C=C/C2=CC(=C(C=C2)O)OC)O,1
CC(C)NCC(COC1=CC=C(C=C1)CCOC)O.CC(C)NCC(COC1=CC=C(C=C1)CCOC)O.C(C(C(=O)O)O)(C(=O)O)O,1
CN(C)[C@@H](CCOC1=CC=CC2=CC=CC=C21)C3=CC=CC=C3.Cl,1
CN/C(=C\[N+](=O)[O-])/NCCSCC1=CSC(=N1)CN(C)C,1
CC(=O)[C@H]1CC[C@@H]2[C@@]1(CC[C@H]3[C@H]2CC=C4[C@@]3(CC[C@@H](C4)O)C)C,1
C1CN(CCC1(C2=CC=C(C=C2)Cl)O)CCCC(=O)C3=CC=C(C=C3)F,1
CC1=NN=C(N1C2C[C@H]3CC[C@@H](C2)N3CC[C@@H](C4=CC=CC=C4)NC(=O)C5CCC(CC5)(F)F)C(C)C,1
CCCN[C@H]1CCC2=C(C1)SC(=N2)N.O.Cl.Cl,1
C[C@@H](CC1=CC=C(C=C1)OC)NC[C@H](C2=CC(=C(C=C2)O)NC=O)O.C[C@@H](CC1=CC=C(C=C1)OC)NC[C@H](C2=CC(=C(C=C2)O)NC=O)O.C(=C/C(=O)O)\C(=O)O,1
CC12CC3CC(C1)(CC(C3)(C2)N)C.Cl,1
CCC1=CN=C(C=C1)CCOC2=CC=C(C=C2)CC3C(=O)NC(=O)S3.Cl,1
CN(CCOC1=CC=C(C=C1)CC2C(=O)NC(=O)S2)C3=CC=CC=N3.Cl,1
CC(C)C1=C(C(=C(N1CC[C@H](C[C@H](CC(=O)[O-])O)O)C2=CC=C(C=C2)F)C3=CC=CC=C3)C(=O)NC4=CC=CC=C4.CC(C)C1=C(C(=C(N1CC[C@H](C[C@H](CC(=O)[O-])O)O)C2=CC=C(C=C2)F)C3=CC=CC=C3)C(=O)NC4=CC=CC=C4.[Ca+2],1
CC[C@@H]([C@@H](C1=C2C=CC(=O)NC2=C(C=C1)O)O)NC(C)C.Cl,1
CNCC[C@@H](C1=CC=CS1)OC2=CC=CC3=CC=CC=C32.Cl,1
CC1=C(C(=CC=C1)[C@H](C)C2=CN=CN2)C.Cl,1
CC1=C(C(=CC=C1)CC2=CN=CN2)C.Cl,1
CC1=CC2=C(C=C1C(=C)C3=CC=C(C=C3)C(=O)O)C(CCC2(C)C)(C)C,1
CS(=O)(=O)O.C#CCN[C@@H]1CCC2=CC=CC=C12,1
CCN1CCC[C@H]1CNC(=O)C2=C(C=CC(=C2)S(=O)(=O)N)OC,1
C[N@@+]1(CCC2=CC(=C(C=C2[C@H]1CC3=CC(=C(C=C3)OC)OC)OC)OC)CCC(=O)OCCCCCOC(=O)CC[N@+]4(CCC5=CC(=C(C=C5[C@H]4CC6=CC(=C(C=C6)OC)OC)OC)OC)C.C1=CC=C(C=C1)S(=O)(=O)[O-].C1=CC=C(C=C1)S(=O)(=O)[O-],1
CCNC(=O)[C@@H]1[C@H]([C@H]([C@@H](O1)N2C=NC3=C(N=C(N=C32)NCCC4=CC=C(C=C4)CCC(=O)O)N)O)O.Cl,1
CCCN1CCO[C@H]2[C@H]1COC3=C2C=C(C=C3)O.Cl,1
C[C@@]12CC[C@H]([C@@]([C@H]1CCC(=C)[C@H]2C/C=C/3\[C@@H](COC3=O)O)(C)CO)O,1
C1=CC=C(C=C1)C2=CC(=O)C3=C(C(=C(C=C3O2)O[C@H]4[C@@H]([C@H]([C@@H]([C@H](O4)C(=O)O)O)O)O)O)O,1
C[C@]12CC[C@](C[C@H]1C3=CC(=O)[C@@H]4[C@]5(CC[C@@H](C([C@@H]5CC[C@]4([C@@]3(CC2)C)C)(C)C)O[C@@H]6[C@@H]([C@H]([C@@H]([C@H](O6)C(=O)O)O)O)O[C@H]7[C@@H]([C@H]([C@@H]([C@H](O7)C(=O)O)O)O)O)C)(C)C(=O)O,1
CC(=O)C1=C(C=C(C=C1)OC)O,1
CNCC(C1=CC=C(C=C1)O)O,1
C1=C(C=C(C(=C1O)O)O)[C@@H]2[C@H](C(=O)C3=C(C=C(C=C3O2)O)O)O,1
CNCC(C1=CC=C(C=C1)O)O.Cl,1
C1[C@H](COC2=C1C=CC(=C2)O)C3=CC=C(C=C3)O,1
C1C2CC3CC1CC(C2)(C3)N.Cl,1
CC(C(=O)C1=CC(=CC=C1)Cl)NC(C)(C)C.Cl,1
CN(C)CCCN1C2=CC=CC=C2SC3=C1C=C(C=C3)Cl.Cl,1
C1CN=C(N1)NC2=C(C=CC=C2Cl)Cl.Cl,1
CN1CCN(CC1)C2=NC3=C(C=CC(=C3)Cl)NC4=CC=CC=C42,1
CCCN[C@H]1CCC2=C(C1)SC(=N2)N,1
C1CN(CCC1N2C3=C(C=C(C=C3)Cl)NC2=O)CCCN4C5=CC=CC=C5NC4=O,1
CC1=CC2=C(S1)NC3=CC=CC=C3N=C2N4CCN(CC4)C,1
CN(CCOC1=CC=C(C=C1)CC2C(=O)NC(=O)S2)C3=CC=CC=N3.C(=C\C(=O)O)\C(=O)O,1
CC(C)NCC(C1=CC=C(C=C1)NS(=O)(=O)C)O.Cl,1
CC1=C(C(=CC=C1)C)NC2=NCCCS2.Cl,1
CNCCCC12CCC(C3=CC=CC=C31)C4=CC=CC=C24.Cl,1
C1CN=C(N1)CC2=CC=CC3=CC=CC=C32.Cl,1
CNC[C@@H](C1=CC(=C(C=C1)O)O)O.[C@@H]([C@H](C(=O)O)O)(C(=O)O)O,1
C1=CC(=C(C=C1CCN)O)O.Cl,1
C[C@@H]([C@@H](C1=CC=C(C=C1)O)O)NCCC2=CC=C(C=C2)O.Cl,1
CN(C)CCCN1C2=CC=CC=C2CCC3=C1C=C(C=C3)Cl.Cl,1
CN1[C@@H]2CC(C[C@H]1[C@H]3[C@@H]2O3)O,1
CN(CCOC1=CC=C(C=C1)CC2C(=O)NC(=O)S2)C3=CC=CC=N3,1
CC(C)NCC(C1=CC(=C(C=C1)O)O)O.Cl,1
CNC[C@@H](C1=CC(=CC=C1)O)O.Cl,1
CC1=CC(=CC(=C1CC2=NCCN2)C)C(C)(C)C.Cl,1
CCC1=CN=C(C=C1)CCOC2=CC=C(C=C2)CC3C(=O)NC(=O)S3,1
CC#C[C@@]1(CC[C@@H]2[C@@]1(C[C@@H](C3=C4CCC(=O)C=C4CC[C@@H]23)C5=CC=C(C=C5)N(C)C)C)O,1
COC1=CC(=C(C(=C1)OC)C(=O)CCCN2CCCC2)OC.Cl,1
CN1CCC=C(C1)C(=O)OC.Br,1
C1=CC(=C(C=C1[C@H](CN)O)O)O.[C@@H]([C@H](C(=O)O)O)(C(=O)O)O.O,1
C1CC(CCC1CCC(=O)O)(C2=C(C=CC(=C2)F)F)S(=O)(=O)C3=CC=C(C=C3)Cl,1
CC(C)(C(=O)O)OC1=CC=C(C=C1)C2CC2(Cl)Cl,1
C1C[C@@H](CN(C1)C(=O)C2=CC=C(C=C2)F)C3=NC(=NO3)C4=CC=C(C=C4)F,1
COC1=CC=CC=C1N2CCN(CC2)CCN3C(=O)CC4(CCCC4)CC3=O.Cl.Cl,1
CC(C)C1=NC(=NC(=C1)C2=CC=C(C3=CC=CC=C32)F)N,1
C[C@@H](C(=O)N[C@H]1C2=CC=CC=C2C3=CC=CC=C3N(C1=O)C)NC(=O)CC4=CC(=CC(=C4)F)F,1
C[C@@H](C(=O)N[C@H]1C2=CC=CC=C2C3=CC=CC=C3N(C1=O)C)NC(=O)[C@H](C4=CC(=CC(=C4)F)F)O,1
CC1=C(C(C(=C(N1)C#N)C(=O)OC)C2=CC(=CC=C2)[N+](=O)[O-])C(=O)OC(C)C,1
C1COCCC1CNC(=O)C2=CN=C(N=C2C(F)(F)F)NC3=C(C=C(C=C3)Cl)Cl,1
CCN1C2=C(C(=O)N(C1=O)CC)N(C(=N2)/C=C/C3=CC(=C(C=C3)OC)OC)C,1
CC1=C(N(N=C1C(=O)NN2CCCCC2)C3=C(C=C(C=C3)Cl)Cl)C4=CC=C(C=C4)I,1
C[C@]12CC[C@@H](C[C@@H]1CC[C@@H]3[C@@H]2CC[C@]4([C@H]3CCC4=O)C)O,1
CC1=C(C2=C(N1C(=O)C3=CC=C(C=C3)Cl)C=CC(=C2)OC)CC(=O)N4CCOCC4,1
C[C@]12C3=CC=CC=C3C[C@H](N1)C4=CC=CC=C24.C(=C\C(=O)O)\C(=O)O,1
CN1CCN(CC1)C2=NC3=CC=CC=C3N=C2Cl,1
C1=CC(=C(C=C1[N+](=O)[O-])C(=O)NC2=CC=NC=C2)Cl,1
C1=CC=C(C=C1)NC(=O)C2=C(C=CC(=C2)[N+](=O)[O-])Cl,1
C1CNC[C@H]([C@@H]1C2=CC=C(C=C2)F)COC3=CC4=C(C=C3)OCO4.Cl,1
C1=CC(=CC(=C1)NC2=C(C=CC=N2)C(=O)O)C(F)(F)F,1
CC1=C(N(N=C1C(=O)NN2CCCCC2)C3=C(C=C(C=C3)Cl)Cl)C4=CC=C(C=C4)Cl,1
C1=CC(=C(C(=C1)Cl)Cl)C2=C(N=C(N=N2)N)N,1
CS(=O)(=O)C1=CC=C(C=C1)C2=C(C(=O)OC2)C3=CC=CC=C3,1
CC1=C(C(=CC=C1)C(C)C2=CN=CN2)C.Cl,1
CNC[C@@H](C1=CC(=C(C=C1)O)O)O.Cl,1
CC1=C(C(=CC=C1)[C@H](C)C2=CN=CN2)C,1
CCC1=C(C=C2CC(CC2=C1)NC[C@@H](C3=C4C=CC(=O)NC4=C(C=C3)O)O)CC.C(=C\C(=O)O)\C(=O)O,1
CCN(CC)C(=O)[C@@]1(C[C@@H]1CN)C2=CC=CC=C2.Cl,1
CN1[C@@H]2CC[C@H]1CC(C2)OC(C3=CC=CC=C3)C4=CC=CC=C4.CS(=O)(=O)O,1
CC1=CC=CC=C1O[C@H](CCNC)C2=CC=CC=C2.Cl,1
CNCC(=O)C1=CC(=C(C=C1)O)O.Cl,1
C1=CC(=CC=C1C(CN)O)O.Cl,1
CCCN(CCC)CCC1=C2CC(=O)NC2=CC=C1.Cl,1
C1CNCCC1C(C2=CC=CC=C2)(C3=CC=CC=C3)O,1
CC(=O)OC1=C(C=CC(=C1)C(F)(F)F)C(=O)O,1
CN1CCN(CC1)CCCN2C3=CC=CC=C3SC4=C2C=C(C=C4)C(F)(F)F.Cl.Cl,1
C1COCCN1CCNC(=O)C2=CC=C(C=C2)Cl,1
CC1CC2=CC3=C(C(=C2C4=C(C(=C(C=C4CC1C)OC)OC)OC)OC)OCO3,1
C1=CC(=C(N=C1)C(=O)O)C(=O)O,1
C1=CC=C(C=C1)C2=CC(=O)C3=C(O2)C=CC(=C3)O,1
C1CCC2=NC3=CC=CC=C3C(=C2C1)N.O.Cl,1
CC(CC1=CC=CC=C1OC)NC.Cl,1
CC1=CC(=C(C=C1)N=CN(C)C=NC2=C(C=C(C=C2)C)C)C,1
C(CCNCCCN)CN.Cl.Cl.Cl,1
C1CN(CCN1CC/C=C\2/C3=CC=CC=C3SC4=C2C=C(C=C4)C(F)(F)F)CCO.Cl.Cl,1
CN(CC#C)CC1=CC=CC=C1.Cl,1
C1=CC(=CC=C1C(=O)CBr)O,1
CC1=CC(=CC(=C1OC(C)(C)C(=O)O)C)/C=C/C(=O)C2=CC=C(C=C2)SC,1
C1=CC=C(C=C1)C(C2=CC=CC=C2)(C3=CC=CC=C3)C(=O)O.C1=CC(=C(C(=C1)Cl)COCCOCCCCCCNC[C@@H](C2=CC(=C(C=C2)O)CO)O)Cl,1
C[C@@]12CC[C@@H]3[C@]4(C=CC(=O)OC([C@@H]4CC(=O)[C@]3([C@@]15[C@H](O5)C(=O)O[C@H]2C6=COC=C6)C)(C)C)C,1
CC1(C=CC2=C(O1)C=CC3=C2OC[C@H](C3)C4=C(C=C(C=C4)O)O)C,1
CC1=NC=CC2=C1NC3=C2C=CC(=C3)OC.Cl,1
C[C@H]1[C@H](C[C@H]2[C@@H]1[C@@H](OC=C2C(=O)OC)O[C@H]3[C@@H]([C@H]([C@@H]([C@H](O3)CO)O)O)O)O,1
COC1=C(C2=C(CC3C4=CC(=C(C=C4CCN3C2)OC)OC)C=C1)OC.Cl,1
CC(=CCC1=CC2=C(C=C1OC)O[C@@H](CC2=O)C3=CC=C(C=C3)O)C,1
CCCC(CCC)C(=O)O,1
C1CNC(C2=CC(=C(C=C21)O)O)CC3=CC=C(C=C3)O.Cl,1
CCCN1C[C@@H](C[C@H]2[C@H]1CC3=CNC4=CC=CC2=C34)CSC.CS(=O)(=O)O,1
C1=CC=C(C=C1)[C@H](CNCCC2=CC=C(C=C2)NC(=O)CC3=CSC(=N3)N)O,1
CCN(CC)CCOC(=O)C1=CC=C(C=C1)N.Cl,1
C[N+]1(CCC(=C(C2=CC=CC=C2)C3=CC=CC=C3)CC1)C.COS(=O)(=O)[O-],1
C1CC(C2=CC=CC=C2C1)C3=NCCN3.Cl,1
CN[C@H]1CC[C@H](C2=CC=CC=C12)C3=CC(=C(C=C3)Cl)Cl.Cl,1
CN(C)CCC[C@@]1(C2=C(CO1)C=C(C=C2)C#N)C3=CC=C(C=C3)F.C(=O)(C(=O)O)O,1
CC(=O)O.C1=CC(=C(C(=C1)Cl)/C=N/N=C(N)N)Cl,1
C1CN(CC=C1N2C3=CC=CC=C3NC2=O)CCCC(=O)C4=CC=C(C=C4)F,1
CN(C)CC(C1=CC=C(C=C1)O)C2(CCCCC2)O.C(CC(=O)O)C(=O)O.O,1
CN(C)CC(C1=CC=C(C=C1)O)C2(CCCCC2)O,1
CC(C)NCC(C1=CC=CC=C1Cl)O.Cl,1
C1CN(CCC1(C2=CC(=C(C=C2)Cl)C(F)(F)F)O)CCCC(C3=CC=C(C=C3)F)C4=CC=C(C=C4)F,1
CC(C)(C(=O)O)OC1=CC=C(C=C1)CCNC(=O)C2=CC=C(C=C2)Cl,1
CC(C)(C)CC(C)(C)C1=CC=C(C=C1)OCCOCC[N+](C)(C)CC2=CC=CC=C2.[Cl-],1
C(C(CO)(CO)N)O,1
CC(C)(C(=O)O)OC1=CC=C(C=C1)Cl,1
CC(C)(C1=CC=CC=C1CC[C@H](C2=CC=CC(=C2)/C=C/C3=NC4=C(C=CC(=C4)Cl)C=C3)SCC5(CC5)CC(=O)[O-])O.[Na+],1
C1CN(CCN1CCCC(=O)C2=CC=C(C=C2)F)C3=CC=CC=N3,1
CC(=O)OCC(=O)[C@H]1CC[C@@H]2[C@@]1(CC[C@H]3[C@H]2CCC4=CC(=O)CC[C@]34C)C,1
C1=CC2=C(C=C1O)C(=CN2)CCN.Cl,1
C1[C@H]([C@@H]1N)C2=CC=CC=C2.Cl,1
C1=CC=C2C(=C1)NC3=CC=CC=C3S2,1
COC1=CC2=C(C=C1C(=O)NCC3CCCN3CC=C)NN=N2.Cl,1
COC1=CC=CC(=C1[O-])C=NCCN=CC2=C(C(=CC=C2)OC)[O-].[Cl-].[Mn+2],1
C1CN=C(N1)NC2=C(C3=NC=CN=C3C=C2)Br.[C@@H]([C@H](C(=O)O)O)(C(=O)O)O,1
CC(C)(C)NCC(C1=CC(=CC(=C1)OC(=O)N(C)C)OC(=O)N(C)C)O.Cl,1
CN(C)CCOC(=O)COC1=CC=C(C=C1)Cl.Cl,1
CCN(CC)CCNC(=O)C1=CC(=C(C=C1OC)N)Cl.Cl,1
C1=CC=C(C=C1)CCCCOCCCCCCNCC(C2=CC(=C(C=C2)O)CO)O.C1=CC=C2C(=C1)C=CC(=C2O)C(=O)O,1
CN(C)CCCN1C2=CC=CC=C2CCC3=CC=CC=C31.Cl,1
CC[C@@]1(C[C@@H]2C[C@@](C3=C(CCN(C2)C1)C4=CC=CC=C4N3)(C5=C(C=C6C(=C5)[C@]78CCN9[C@H]7[C@@](C=CC9)([C@H]([C@@]([C@@H]8N6C)(C(=O)OC)O)OC(=O)C)CC)OC)C(=O)OC)O.OS(=O)(=O)O,1
CC(C)(C(=O)O)OC1=CC=C(C=C1)C(=O)C2=CC=C(C=C2)Cl,1
C1CN(CCN1CCCN2C3=CC=CC=C3SC4=C2C=C(C=C4)C(F)(F)F)CCO.Cl.Cl,1
C1CCC2=NN=NN2CC1,1
C1=CC2=C(C(=C(C=C2Cl)I)O)N=C1,1
CS(=O)(=O)O.C1CNCC(C2=CC(=C(C(=C21)Cl)O)O)C3=CC=C(C=C3)O,1
CN1CCN(CC1)CCCN2C3=C(SC4=CC=CC=C24)C=CC(=C3)Cl.C(=C\C(=O)O)\C(=O)O.C(=C\C(=O)O)\C(=O)O,1
CCN1CCCC1CNC(=O)C2=C(C=CC(=C2)S(=O)(=O)N)OC,1
CCN(CC)CCOC(=O)C1=CC=C(C=C1)N,1
COC1=C(C=C2C(=C1)C(=NC(=N2)N3CCN(CC3)C(=O)C4CCCO4)N)OC.Cl,1
CCCC1=NN(C2=C1N=C(NC2=O)C3=C(C=CC(=C3)S(=O)(=O)N4CCN(CC4)C)OCC)C.CS(=O)(=O)O,1
C1=CC(=C(C(=C1)Cl)CC(=O)N=C(N)N)Cl.Cl,1
CCCCCCCCCCCCCCCC(=O)NCCO,1
CCOC(=O)/C=C\C(=O)OCC,1
C1=CC=C2C(=C1)C(=O)C(=O)N2,1
CN1CCC(=CC1)C2=CC=CC=C2.Cl,1
CC1=NC=CN1CC2CCC3=C(C2=O)C4=CC=CC=C4N3C.O.O.Cl,1
CN(C)CCCC1(C2=C(CO1)C=C(C=C2)C#N)C3=CC=C(C=C3)F.Br,1
CO[C@@H]1CN(CC[C@@H]1NC(=O)C2=CC(=C(C=C2OC)N)Cl)CCCOC3=CC=C(C=C3)F.O,1
CC(COC[C@H]1[C@H]2[C@H]([C@@H]([C@@H](O1)O[C@H]3[C@@H](O[C@H]([C@H]([C@@H]3O)O)O[C@H]4[C@@H](O[C@H]([C@H]([C@@H]4O)O)O[C@H]5[C@@H](O[C@H]([C@H]([C@@H]5O)O)O[C@H]6[C@@H](O[C@H]([C@H]([C@@H]6O)O)O[C@H]7[C@@H](O[C@H]([C@H]([C@@H]7O)O)O[C@H]8[C@@H](O[C@@H](O2)[C@H]([C@@H]8O)O)COCC(C)O)COCC(C)O)COCC(C)O)COCC(C)O)COCC(C)O)COCC(C)O)O)O)O,1
CCOC1=CC(=C(C=C1C(=O)NCC2CN(CCO2)CC3=CC=C(C=C3)F)Cl)N,1
CC(C)NNC(=O)C1=CC=NC=C1,1
C1CC[C@H]2[C@@H](C1)C(=O)N(C2=O)CCCCN3CCN(CC3)C4=NSC5=CC=CC=C54.Cl,1
C1=CC=C(C=C1)C(CC(=O)O)CN,1
CC1=C(C=CC(=C1)NC(=O)C2=CC(=CC=C2)NC(=O)/C=C/CN(C)C)NC3=NC=CC(=N3)C4=CN=CC=C4,1
CC(CN1C=NC2=C1C(=O)N(C(=O)N2C)C)O,1
CC(C)(C)C1=C(C=CC(=C1)O)O,1
[CH3-].CC1=CC2=C(C=C1C)N(C=N2)[C@@H]3[C@@H]([C@@H]([C@H](O3)CO)OP(=O)([O-])OC(C)CNC(=O)CC[C@@]4([C@H]([C@@H]5[C@]6([C@@]([C@@H](/C(=C(/C7=N/C(=C\C8=N/C(=C(\C4=N5)/C)/[C@H](C8(C)C)CCC(=O)N)/[C@H]([C@]7(C)CC(=O)N)CCC(=O)N)\C)/[N-]6)CCC(=O)N)(C)CC(=O)N)C)CC(=O)N)C)O.[Co+3],1
CN1[C@@H]2CCC[C@H]1CC(C2)NC(=O)C3=NN(C4=CC=CC=C43)C,1
CC1=NC=C(C(=C1O)CO)CO.C1CC(=O)N[C@@H]1C(=O)O,1
CCCN[C@H]1CCC2=C(C1)SC(=N2)N.Cl.Cl,1
CNCC[C@@H](C1=CC=CS1)OC2=CC=CC3=CC=CC=C32,1
CC(C)N(CCNC(=O)C1=CSC(=N1)NC(=O)C2=CC(=C(C=C2O)OC)OC)C(C)C,1
CN1C2=CC=CC=C2C(C3=C(S1(=O)=O)C=C(C=C3)Cl)NCCCCCCC(=O)O,1
CC(CCC1=CC=CC=C1)NCC(=O)C2=CC(=C(C=C2)O)C(=O)N.Cl,1
C[N+]1=CC=CC=C1/C=N/O.[I-],1
CC[C@]12CC(=C3[C@@]4([C@H]1N(CC4)CC=C2)C5=CC=CC=C5N3)C(=O)OC.Cl,1
CCCCCC1=CC(=CC(=C1)O)O,1
C[C@@H](CCC[C@@H](C)CCC/C(=C/CO)/C)CCCC(C)C,1
COC1=C(C2=C(CC3C4=CC5=C(C=C4CCN3C2)OCO5)C=C1)OC,1
C[C@H](CC1=CC=C(C=C1)OC)NC[C@@H](C2=CC(=C(C=C2)O)NC=O)O.[C@@H]([C@H](C(=O)O)O)(C(=O)O)O,1
CC1=C(OC2=NC3=C(CCCC3)C(=C12)NC(=O)CN4CCCC4=O)C,1
CS(=O)(=O)O.C1CNC[C@H]([C@@H]1C2=CC=C(C=C2)F)COC3=CC4=C(C=C3)OCO4,1
CCNC1(CCCCC1=O)C2=CC=CS2.Cl,1
COC1=CC2=C(C=C1)C=C(C=C2)C(=O)O,1
C1=C(C(=CC(=C1O)O)O)CCN.Br,1
C[C@@H](C(=O)N)NCC1=CC=C(C=C1)OCC2=CC(=CC=C2)F,1
CNC(=O)C1=CN(N=C1)C2=NC(=C3C(=N2)N(C=N3)[C@H]4[C@@H]([C@@H]([C@H](O4)CO)O)O)N,1
CN(C)CC/C=C\1/C2=CC=CC=C2SC3=C1C=C(C=C3)Cl.Cl,1
CN(C)CCCN1C2=CC=CC=C2SC3=CC=CC=C31.Cl,1
CCC1=C(NC2=C1C(=O)C(CC2)CN3CCOCC3)C.Cl,1
CNCCCN1C2=CC=CC=C2CCC3=CC=CC=C31.Cl,1
CC(C)(C)NCC(C1=CC(=C(C=C1)O)CO)O,1
CCOC(=O)C=P(C1=CC=CC=C1)(C2=CC=CC=C2)C3=CC=CC=C3,1
C1=CC=C(C=C1)CCCCOCCCCCCNCC(C2=CC(=C(C=C2)O)CO)O,1
C1CN=C(N1)NC2=C(C=CC3=NSN=C32)Cl,1
COC1=C(C2=C(CC3C4=CC(=C(C=C4CCN3C2)OC)OC)C=C1)OC,1
CC1=C(C(=CC=C1)C)NC2=NCCCS2,1
CN(C)CCCN1C2=CC=CC=C2SC3=C1C=C(C=C3)C(F)(F)F.Cl,1
CC1=C(C=CC(=C1)SCC2=C(N=C(S2)C3=CC=C(C=C3)C(F)(F)F)C)OCC(=O)O,1
CC(C)CCNC1=C(C=CC=N1)C(=O)N2CCN(CC2)CC3=CC=CC=C3,1
CCC1=C(C=C2CC(CC2=C1)NC[C@@H](C3=C4C=CC(=O)NC4=C(C=C3)O)O)CC,1
CN(C)CC(C1=CC=C(C=C1)OC)C2(CCCCC2)O,1
CC1=CC(=NN=C1NCCN2CCOCC2)C3=CC=CC=C3,1
CC1=CC=CC=C1C(C2=CC=CC=C2)OCCN(C)C.Cl,1
C/C(=C\CNC1=C2C(=NC=N1)N(C=N2)[C@H]3[C@@H]([C@@H]([C@H](O3)CO)O)O)/CO,1
CC(C)NCC(C1=CC(=C(C=C1)O)O)O.CC(C)NCC(C1=CC(=C(C=C1)O)O)O.OS(=O)(=O)O,1
CCN(CC)C(=O)[C@]1(C[C@H]1CN)C2=CC=CC=C2.Cl,1
COC1=CC=CC=C1OCCNCC(COC2=CC=CC3=C2C4=CC=CC=C4N3)O.COC1=CC=CC=C1OCCNCC(COC2=CC=CC3=C2C4=CC=CC=C4N3)O.O.OP(=O)(O)O.OP(=O)(O)O,1
C1CC[C@H]([C@@H](C1)CN2CCN(CC2)C3=NSC4=CC=CC=C43)CN5C(=O)[C@H]6[C@@H]7CC[C@@H](C7)[C@H]6C5=O,1
CC(C)C1=C(C(=C(N1CC[C@H](C[C@H](CC(=O)O)O)O)C2=CC=C(C=C2)F)C3=CC=CC=C3)C(=O)NC4=CC=CC=C4,1
COC1=CC=CC=C1OCCNCC(CN2C3=C(C4=CC=CC=C42)C(=CC=C3)OCC(CNCCOC5=CC=CC=C5OC)O)O,1
C1CC(C2=CC=CC=C2C1)C3=NCCN3,1
COC1=CC(=C(C=C1)OC)C(CNC(=O)CN)O.Cl,1
COC1=CC(=C(C=C1)OC)C(CNC(=O)CN)O,1
C1CC2=C(C=CC(=C2)F)O[C@H]1[C@H](CNC[C@@H]([C@@H]3CCC4=C(O3)C=CC(=C4)F)O)O,1
C1C[C@@H]2CN(C(=O)C3=CC=CC(=C23)C1)[C@@H]4CN5CCC4CC5,1
CN(C)CCCN1C2=CC=CC=C2SC3=C1C=C(C=C3)Cl,1
C1=CC(=C(C=C1C(CN)O)O)O.Cl,1
CC(CC1=CC=C(C=C1)O)NCC(C2=CC(=CC(=C2)O)O)O.Br,1
CC(CC1=CC=C(C=C1)O)NCC(C2=CC(=CC(=C2)O)O)O,1
CS(=O)CCCCN=C=S,1
CC(C)NCC(COC1=CC=C(C=C1)CCC(=O)OC)O,1
COC1=C(C=C2C(=C1)C(=NC(=N2)N3CCN(CC3)C(=O)C4=CC=CO4)N)OC,1
COC1=C(C=C2C(=C1)C(=NC(=N2)N3CCN(CC3)C(=O)C4COC5=CC=CC=C5O4)N)OC,1
CC(C)(C1=CC=CC=C1CC[C@H](C2=CC=CC(=C2)/C=C/C3=NC4=C(C=CC(=C4)Cl)C=C3)SCC5(CC5)CC(=O)O)O,1
C#CCN[C@@H]1CCC2=CC=CC=C12,1
C1CN(CCN1CCCC2=CC=CC=C2)CCOC(C3=CC=C(C=C3)F)C4=CC=C(C=C4)F.Cl.Cl,1
CC(=O)[C@H]1CC[C@@H]2[C@@]1(CC[C@H]3[C@H]2CC[C@@H]4[C@@]3(CC[C@H](C4)O)C)C,1
CC(C)(C(=O)[O-])OC1=CC=C(C=C1)C(=O)C2=CC=C(C=C2)Cl.C[N+](C)(C)CCO,1
COC1=C(C=CC(=C1)NC2=CC=CC=C2)NS(=O)(=O)C3=C(SC=C3)C(=O)OC,1
CCNC(=O)N(CCCN(C)C)C(=O)[C@@H]1C[C@H]2[C@@H](CC3=CNC4=CC=CC2=C34)N(C1)CC=C,1
CCOC1=CC(=C(C=C1C(=O)NC2CCN(CC2)CC3CCC=CC3)[N+](=O)[O-])N.[C@@H]([C@H](C(=O)O)O)(C(=O)O)O,1
CN[C@@H]1CCC2=C(C1)C3=C(N2)C=CC(=C3)C(=O)N.C(CC(=O)O)C(=O)O,1
CC1=CC(=CC(=C1CC2=NCCN2)C)C(C)(C)C,1
C1CN(CCN1CCCN2C(=O)N3C=CC=CC3=N2)C4=CC(=CC=C4)Cl,1
CCN(CC)CCNC(=O)C1=CC(=C(C=C1OC)N)Cl,1
CCN(CC)C(=O)NC1=CC(=C(C=C1)OCC(CNC(C)(C)C)O)C(=O)C.Cl,1
CC(C)(CC1=CC=C(C=C1)OC)NC[C@@H](C2=C3C(=CC(=C2)O)NC(=O)CO3)O.Cl,1
CCCCCCCCOC(=O)CC(=C)C(=O)O,1
C1=C(NC=N1)CC(=O)O.Cl,1
C[C@H]1[C@@H]([C@H]([C@H]([C@@H](O1)OC[C@@H]2[C@H]([C@@H]([C@H]([C@@H](O2)OC3=C(OC4=CC(=CC(=C4C3=O)O)O)C5=CC(=C(C=C5)O)O)O)O)O)O)O)O.O.O.O,1
COC1=CC2=C(C=C1)NC=C2CCN,1
C1CCN(C1)CC2=NC3=CC=CC=C3N2CC4=CC=C(C=C4)Cl,1
COC1=CC(=C(C=C1C(=O)NC2CC[NH+](CC2)CC3=CC=CC=C3)Cl)N.C(C(C(=O)[O-])O)C(=O)O,1
C1C(COC2=C1C=CC(=C2)O)C3=CC=C(C=C3)O,1
CN[C@H](CC(=O)O)C(=O)O,1
C1=CC=C(C=C1)S(=O)(=O)N(CC(F)(F)F)C2=CC=C(C=C2)C(C(F)(F)F)(C(F)(F)F)O,1
C[C@@H](C(=O)N[C@H]1C2=CC=CC=C2C3=C(N=CC=C3)N(C1=O)CCO)NC(=O)CCC(F)(F)F,1
CC1=CC(=CC(=C1OCCO)C)C2=NC3=C(C(=CC(=C3)OC)OC)C(=O)N2,1
C1CC1(C2=CC(=C(C=C2)C3=CC(=C(C=C3)Cl)Cl)F)C(=O)O,1
CC1=C(C(C2=C(N1)CC(CC2=O)(C)C)C3=CC=C(C=C3)[N+](=O)[O-])C(=O)OC4CCCCC4,1
CCCCCCCCCCCCCCCCN1C=C[N+](=C1C)CC2=CC=CC=C2.[I-],1
C1COCCN1CC2=CC(=O)C(=CO2)OCCCCCSC3=C4C=CC(=CC4=NC=C3)C(F)(F)F.Cl.Cl,1
CC1=C(C=CC(=C1)[N+](=O)[O-])NS(=O)(=O)C2=C(C=CC(=C2)Cl)Cl,1
C1CCC2=C(C1)C(=C(S2)NC(=O)C3=CC=CC4=CC=CC=C43)C#N,1
CN(C)C/C=C/C(=O)NC1=CC=C(C=C1)C(=O)NC2=CC=CC(=C2)NC3=NC=C(C(=N3)C4=CNC5=CC=CC=C54)Cl,1
C1CCC(CC1)NC2=NC(=NC3=C2NC=N3)NC4=CC=C(C=C4)N5CCOCC5,1
C[C@@H]1CN(C[C@@H](N1)C)C2=NC=C(C(=C2)C)C3=CC=C(C=C3)C4=NC5=C(C=CN5C)C(=O)N4,1
C1=CC(=NC=C1CC2=CNC3=C2C=C(C=N3)Cl)NCC4=CN=C(C=C4)C(F)(F)F,1
CC1=C(SSC1=S)C2=NC=CN=C2,1
CCCCCCNC(=O)NC1=CC=C(C=C1)S(=O)(=O)NC2=CC=C(C=C2)CCNC[C@@H](COC3=CC=C(C=C3)O)O,1
C1CNCC(C2=CC(=C(C=C21)O)O)C3=CC=CC=C3.Cl,1
C1CN(CCC1NC2=C3C=C(SC3=NC=N2)Cl)CC4=CC(=C(C=C4)F)C#N.C(=C\C(=O)O)\C(=O)O,1
CCC[C@@H](C(=O)NC1=CN(C=N1)C(C)(C)CNCC(C)(C)C)N[C@H]2CCC3=C(C2)C(=CC(=C3)F)F,1
CC1=C(C=CC(=C1)SCC2=C(N=C(S2)C3=CC(=C(C=C3)C(F)(F)F)F)C)OCC(=O)O,1
C1=CC(=CC=C1C(=O)NCCS(=O)(=O)C2=NC=C(C=C2)C(F)(F)F)Cl,1
CC1=C(C(=CC=C1)NC2=CC(=NC(=N2)SCC(=O)O)Cl)C,1
C1=CC=C2C(=C1)C(=CN2)C(C3=CC=C(C=C3)Cl)C4=CNC5=CC=CC=C54,1
C1=CC=C(C=C1)CCN2C3=C(C=N2)C4=NC(=NN4C(=N3)N)C5=CC=CO5,1
C1=COC(=C1)C2=NN3C(=NC(=NC3=N2)NCCC4=CC=C(C=C4)O)N,1
CCOC(=O)COC1=C(C=C(C=C1)/C=C/2\C(=O)NC(=S)S2)OC,1
C1=C(C2=C(N=CN=C2N1[C@H]3[C@@H]([C@@H]([C@H](O3)CO)O)O)N)I,1
CC1=C(C2=C(CCC(O2)(C)COC3=CC=C(C=C3)CC4C(=O)NC(=O)S4)C(=C1O)C)C,1
C1COC[C@H]1N2C3=NC(=NC=C3N=C2NC4=C(C=C(C=C4F)F)F)NC5CCC(CC5)O,1
C1=CC=C(C(=C1)CN2C3=NC(=NC(=C3C=N2)C4=CC=CO4)N)F,1
C1CC2CN(CC2C1)CCCOC3=CC=C(C=C3)C(=O)N,1
CCC1=CC(=C(C=C1C)C)NC2=NC(=CS2)C3=CC(=C(C=C3)N4C=C(N=C4)C)F,1
CC1=CC=C(C=C1)C2=NNC3=C2C(N(C3=O)C4=CC=C(C=C4)C(=O)O)C5=CC(=CC=C5)O,1
C1=CC2=C(C=C1S(=O)(=O)N3C4=C(C=C(C=C4)Cl)C=C3CCCC(=O)O)SC=N2,1
CC1=CC=CC=C1C(=O)N2CCC3=C2C=CC(=C3)C4=C(SC(=N4)NC(=O)CC5=CC6=C(C=C5)OCO6)C,1
C1=CC(=CC=C1C2=CC(=O)C3=C(O2)C=C(C(=C3O)[C@H]4[C@@H]([C@H]([C@@H]([C@H](O4)CO)O)O)O)O)O,1
C[C@]12C[C@H]([C@@H]3C[C@]1([C@@]3(C(=O)O2)COC(=O)C4=CC=CC=C4)O[C@H]5[C@@H]([C@H]([C@@H]([C@H](O5)CO)O)O)O)O,1
C1[C@@H]([C@H](OC2=CC(=CC(=C21)O)O)C3=CC(=C(C(=C3)O)O)O)O,1
COC1=C(C2=C(C=CO2)C3=C1C=CC(=O)O3)OC,1
C1=CC=C(C=C1)C2=CC(=O)C3=C(C(=C(C=C3O2)O[C@H]4[C@@H]([C@H]([C@@H]([C@H](O4)CO)O)O)O)O)O,1
CN1CCC2=CC(=C(C3=C2[C@@H]1CC4=C3C(=C(C=C4)OC)O)OC)OC,1
COC1=CC=C(C=C1)/C=C/C2=CC(=CC(=O)O2)OC,1
CC[C@]12CC(=C3[C@@]4([C@H]1N(CC4)CC=C2)C5=CC=CC=C5N3)C(=O)OC,1
C1=CC(=C(C=C1[C@H](CN)O)O)O,1
C1CN=C(N1)NC2=C(C3=NC=CN=C3C=C2)Br,1
CCN(CC)CCNC(=O)C1=C(C=CC(=C1)S(=O)(=O)C)OC.Cl,1
CN1[C@H]2C[C@@H](C[C@@H]1[C@H](C2)O)OC(=O)[C@H](CO)C3=CC=CC=C3.Br,1
C1CN2CC3=CC=CC=C3N=C2[C@H]1O,1
CN1CCN(CC1)CCCN2C3=CC=CC=C3SC4=C2C=C(C=C4)C(F)(F)F,1
CN1CCC(CC1)C(=O)C2=NC(=CC=C2)NC(=O)C3=C(C=C(C=C3F)F)F.CN1CCC(CC1)C(=O)C2=NC(=CC=C2)NC(=O)C3=C(C=C(C=C3F)F)F.C(CC(=O)O)C(=O)O,1
CC1=CC=C(O1)C2=C3C(=NC(=N2)N)N(N=N3)CC4=NC(=CC=C4)CO[C@H]5CCOC5,1
CN1CCC2=CC(=C(C3=C2[C@@H]1CC4=CC(=C(C=C43)OC)O)OC)O,1
COC1=C(C=C(C=C1)[C@H]2[C@H]3CO[C@@H]([C@H]3CO2)C4=CC5=C(C=C4)OCO5)OC,1
C(OC(C(F)(F)F)C(F)(F)F)F,1
C1CN(CCN1)C2=NC3=CC=CC=C3N2CC4=CC=CC=C4,1
C1CCC(CC1)NC(=O)N(CC2CCNCC2)CC3=CC=CC=C3,1
COC1=CC=CC=C1/C=C/C(=O)/C=C/C2=CC=CC=C2OC,1
CCC(C)NC(=O)/C=C/C1=CC(=C(C=C1)Cl)Cl,1
CC1=C(C(=O)N2C=CC=CC2=N1)CCN3CCC(CC3)C(=O)C4=CC=C(C=C4)F,1
CN1C=CC2=C1C=CC(=C2)NC(=O)NC3=CN=CC=C3,1
CC(C)([C@H]1CC2=C(O1)C=C3C(=C2)C=CC(=O)O3)O,1
C1CCN(CC1)C(=O)C2=CC3=C(C=C2)OCO3,1
C1CN(CC2=C1N3CCN=C3N(C2=O)CC4=C(C=C(C=C4)F)F)CC5=CC=CC=C5,1
C[N+]1(CCN(CC1)C2=NC3=C(C=CC(=C3)Cl)NC4=CC=CC=C42)[O-],1
COCCOC1=CC=C(C=C1)N2CCN(CC2)CCN3C4=C(C=N3)C5=NC(=NN5C(=N4)N)C6=CC=CO6,1
CC(C)[C@@H](C(=O)NC(CC1=CC=CC=C1)C=O)NC(=O)OCC2=CC=CC=C2,1
CC1=C(C(=O)C(=C(C1=O)OC)OC)CCCCCCCCCC[P+](C2=CC=CC=C2)(C3=CC=CC=C3)C4=CC=CC=C4.CS(=O)(=O)[O-],1
CN1CCN(CC1)C2=CC3=C(C=C2)N=C(N3)C4=CC5=C(C=C4)N=C(N5)C6=CC=C(C=C6)N(C)C,1
CNC(=O)[C@@H]1[C@H]([C@H]([C@@H](O1)N2C=NC3=C(N=C(N=C32)Cl)NCC4=CC(=CC=C4)I)O)O,1
C1CN(CC2=C1SC=C2)CC3=CC=CC=C3Cl,1
CN1CC(=O)N=C1N.C1=CC2=C(C=C1O)C(=CN2)CCN.O.OS(=O)(=O)O,1
C1C2CNCC1C3=CC4=NC=CN=C4C=C23.Cl.Cl,1
COC1=CC=C(C=C1)CCCN2C3=C(C=N2)C4=NC(=NN4C(=N3)N)C5=CC=CO5,1
C(CCNCCCN)CN,1
CC(C)NNC(=O)C1=CC=NC=C1.OP(=O)(O)O,1
CN1CCC(CC1)C(=O)C2=NC(=CC=C2)NC(=O)C3=C(C=C(C=C3F)F)F,1
C(C(CO)(CO)N)O.Cl,1
CC(C)NCC(COC1=CC=C(C=C1)COCCOC(C)C)O,1
CCN(CCCC1=CC=CC=C1)CCCC2=CC=CC=C2,1
CN(C)CCC=C1C2=CC=CC=C2CCC3=CC=CC=C31,1
CCN(CC)CCNC(=O)C1=CC(=C(C=C1OC)N)Cl.O.Cl,1
C1CC(CCC1NC2=NC(=NC3=C2C=CN3)C4=CC=CC=C4)O,1
C1=CC(=CC=C1CSC2=NC=NC3=C2N=CN3[C@H]4[C@@H]([C@@H]([C@H](O4)CO)O)O)[N+](=O)[O-],1
CC(C)(CC1=CC=C(C=C1)OC)NC[C@@H](C2=C3C(=CC(=C2)O)NC(=O)CO3)O,1
C[N+]1=CC=C(C=C1)C2=CC=CC=C2.[I-],1
CCNC(=O)[C@@H]1[C@H]([C@H]([C@@H](O1)N2C=NC3=C(N=CN=C32)N)O)O,1
C1CN(CCC12C3=CC=CC=C3NC(=O)O2)CCC4=CC=C(C=C4)C(F)(F)F.Cl,1
C1CCC(CC1)(CC(=O)O)CN.Cl,1
C1CN(CC2=C1SC=C2)CC3=CC=CC=C3Cl.Cl,1
C1[C@H](C(=O)NO1)N,1
C1CCC(CC1)(CC(=O)O)CN,1
CC(C)(C)NCC(C1=CC(=C(C=C1)O)CO)O.CC(C)(C)NCC(C1=CC(=C(C=C1)O)CO)O.OS(=O)(=O)O,1
CN1CCN(CC1)CC(=O)N2C3=CC=CC=C3C(=O)NC4=C2N=CC=C4.Cl.Cl,1
CC(C)(C)NCC(C1=CC(=CC(=C1)O)O)O.CC(C)(C)NCC(C1=CC(=CC(=C1)O)O)O.OS(=O)(=O)O,1
C[N+]1=CC=CC=C1/C=N/O.[Cl-],1
CNCC(=O)O,1
COC1=C(C=CC(=C1)/C=C/C(=O)[O-])O.[Na+],1
CC(CCC1=CC=CC=C1)NC(C)C(C2=CC=C(C=C2)O)O.Cl,1
C1CNCCC1C(=O)O,1
C[C@H]([C@@H](C(=O)N)NC(=O)[C@H](CC1=CC=C(C=C1)O)NC(=O)[C@H](CC(=O)N)NC(=O)[C@H]([C@@H](C)O)NC(=O)[C@H]([C@@H](C)O)NC(=O)[C@H]([C@@H](C)O)NC(=O)[C@H](CO)NC(=O)[C@@H](C)N)O,1
[Li+].[Li+].C(=O)([O-])[O-],1
[C@H]1([C@@H](C([C@H]([C@@H](C1OP(=O)(O)O)OP(=O)(O)O)OP(=O)(O)O)OP(=O)([O-])[O-])OP(=O)(O)O)OP(=O)(O)O.[K+].[K+],1
C[C@](CC1=CC(=C(C=C1)O)O)(C(=O)O)N,1
C1=CC2=C(C(=C1)O[C@H]3[C@@H]([C@H]([C@@H]([C@H](O3)CO)O)O)O)C(=O)C4=C([C@@H]2[C@@H]5C6=C(C(=CC=C6)O[C@H]7[C@@H]([C@H]([C@@H]([C@H](O7)CO)O)O)O)C(=O)C8=C5C=C(C=C8O)C(=O)O)C=C(C=C4O)C(=O)O,1
C1=CC=C2C(=C1)N=C3C(=N2)NC(=O)NC3=O,1
C1C2CC3CC1CC(C2)(C3)N,1
CCNC1(CCN(CC1)C2=NC=NC3=C2N=C(N3C4=CC=C(C=C4)Cl)C5=CC=CC=C5Cl)C(=O)N.Cl,1
CC1=C(C(C(=C(N1)C)C(=O)OCCN2CCN(CC2)C(C3=CC=CC=C3)C4=CC=CC=C4)C5=CC(=CC=C5)[N+](=O)[O-])C(=O)OC,0
C1[C@H]([C@@H]([C@H]([C@@H]([C@H]1N)O[C@@H]2[C@@H]([C@H]([C@@H]([C@H](O2)CN)O)O)N)O[C@H]3[C@@H]([C@@H]([C@H](O3)CO)O[C@@H]4[C@@H]([C@H]([C@@H]([C@@H](O4)CN)O)O)N)O)O)N,0
CC1(CCCC2(C1=CC(=O)O2)C)C,0
CC1(CC(CC(N1)(C)C)NC(=O)C(=O)NC2=CC=C(C=C2)Br)C,0
CC(C)(C)[C@@H](C(=O)N[C@@H](CC1=CC=CC=C1)[C@H](CN(CC2=CC=C(C=C2)C3=CC=CC=N3)NC(=O)[C@H](C(C)(C)C)NC(=O)OC)O)NC(=O)OC.OS(=O)(=O)O,0
COC(=O)/C=C/C1=CC=C(C=C1)O,0
CC1=C[C@@H]([C@H]([C@@H](C1)C2=C(C=C(C=C2)O)O)C(=O)C3=C(C=C(C=C3)O)O)C4=C(C=C(C5=C4OC(=C(C5=O)CC=C(C)C)C6=C(C=C(C=C6)O)O)O)O,0
COc1cc(\C=C\C(=O)CC(=O)\C=C\c2ccc(O)cc2)ccc1O,0
CC1=C(C=C(C=C1)C(C)C)OC,0
COCC(=O)NC1=C(C=CC(=C1)SC2=CC=CC=C2)N=C(NC(=O)OC)NC(=O)OC,0
C[C@H]1[C@@H]([C@H]([C@H]([C@@H](O1)OC[C@@H]2[C@H]([C@@H]([C@H]([C@@H](O2)OC3=CC(=C4C(=C3)OC(=CC4=O)C5=CC(=C(C=C5)OC)O)O)O)O)O)O)O)O,0
C[C@@H]1C[C@@H](CN(C1)S(=O)(=O)C2=CC3=C(C=C2)C(=C4C=CC(=CC4=C3N=O)S(=O)(=O)N5C[C@@H](C[C@@H](C5)C)C)NO)C,0
CC#C/C(=N\OC[C@H]1COCCN1)/C2=CC3=C(C=C2)N=CN=C3NC4=CC(=C(C=C4)OCC5=CC(=CC=C5)F)Cl,0
CN1C2=NC(=NC=C2C=C(C1=O)OC3=C(C=C(C=C3)F)F)NC(CCO)CCO,0
CCC(=O)[C@]1(CC[C@@H]2[C@@]1(CCC3=C4CCC(=O)C=C4CC[C@@H]23)C)C,0
C1CN(CCN1C2=NC=NC3=C2OC4=CC=CC=C43)C(=S)NCC5=CC6=C(C=C5)OCO6,0
C1CC1CN2CC[C@]34[C@@H]5C6=C(C[C@]3([C@H]2CC7=C4C(=C(C=C7)O)O5)O)C8=CC=CC=C8N6.Cl,0
COC1=C(C=C(C=C1)C2=CC(=O)C3=C(C(=C(C=C3O2)OC)OC)O)O,0
C1[C@@H]([C@H](O[C@H]1N2C=C(C=NC2=O)I)CO)O,0
C[C@@H]([C@H]1CC[C@@H]2[C@@]1(CC[C@H]3[C@H]2COC(=O)[C@@H]4[C@@]3(C[C@H]([C@H](C4)O)O)C)C)[C@H]([C@@H]([C@@H](C)C(C)C)O)O,0
C(C(=O)[O-])C(CC(=O)[O-])(C(=O)[O-])O.N.[Fe+3],0
CC/C(=C(/C1=CC=C(C=C1)/C=C/C(=O)O)\C2=CC3=C(C=C2)NN=C3)/C4=C(C=C(C=C4)F)Cl,0
CC(C)OC1=C(C=CC(=C1)OC)C2=NC(C(N2C(=O)N3CCNC(=O)C3)C4=CC=C(C=C4)Cl)C5=CC=C(C=C5)Cl,0
C1[C@@](C(=O)C2=C(C=C(C=C2O1)O)O)(CC3=CC=C(C=C3)O)O,0
C1=CC(=CC=C1C2=C(N3C=CSC3=N2)/C=N/OCC4=CC(=C(C=C4)Cl)Cl)Cl,0
COC1=CC(=C(C=C1)CCC(=O)C2=CC=C(C=C2)O)OC,0
C1=CC(=CC=C1[N+](=O)[O-])OP(=O)([O-])[O-].[Na+].[Na+],0
CN(C)C1=CC=C(C=C1)C(=C2C=CC(=[N+](C)C)C=C2)C3=CC=C(C=C3)N(C)C.[Cl-],0
CC[N+](=C1C=CC2=NC3=C(C=C(C4=CC=CC=C43)N)OC2=C1)CC.CC[N+](=C1C=CC2=NC3=C(C=C(C4=CC=CC=C43)N)OC2=C1)CC.[O-]S(=O)(=O)[O-],0
CCN\1C2=CC=CC=C2O/C1=C\C=C\C3=[N+](C4=CC=CC=C4O3)CCCCCC(=O)[O-],0
C1C(N(C2=C(N1)N=C(NC2=O)N)C=O)CNC3=CC=C(C=C3)C(=O)N[C@@H](CCC(=O)[O-])C(=O)[O-].[Ca+2],0
C#CCC(CC1=CN=C2C(=N1)C(=NC(=N2)N)N)C3=CC=C(C=C3)C(=O)N[C@@H](CCC(=O)O)C(=O)O,0
C1[C@@H](N(C2=C(N1)N=C(NC2=O)N)C=O)CNC3=CC=C(C=C3)C(=O)N[C@@H](CCC(=O)[O-])C(=O)[O-].[Ca+2],0
C[C@]12CC[C@@H](C([C@@H]1CC[C@@]3([C@@H]2CC=C4[C@]3(CC[C@@]5([C@H]4CC(CC5)(C)C)C(=O)O)C)C)(C)C)O[C@H]6[C@@H]([C@H]([C@@H]([C@H](O6)C(=O)O)O)O[C@H]7[C@@H]([C@H]([C@@H](CO7)O)O)O)O,0
C1=C(SC(=N1)S(=O)(=O)CCC(=C(F)F)F)Cl,0
C1OC2=C(O1)C=C3C(=C2)C(=O)C=C(N3)C4=CC=CC=C4F,0
C=C1C[C@@H]([C@@H]2[C@@H]([C@@H]3[C@H]1C[C@@H](C3=C)O)OC(=O)C2=C)OC(=O)C(=C)CO,0
CC1=C(C(=O)N2C(=N1)C(=C(N2)C3=CC=CC=C3)N4CCCCC4)C5=CC=C(C=C5)O,0
CC1=C(NC(=C1CCC(=O)O)C)/C=C\2/C3=C(C=C(C=C3)C4=CC=CC=C4)NC2=O,0
C1=CC(=C(C(=C1)F)C(=O)N2C(=NC(=N2)NC3=CC=C(C=C3)S(=O)(=O)N)N)F,0
C[C@@H]1CC[C@@]2([C@H]([C@]3([C@@H](O2)C[C@@H]4[C@@]3(CC[C@H]5[C@H]4CC=C6[C@@]5(CC[C@@H](C6)O[C@H]7[C@@H]([C@H]([C@@H]([C@H](O7)CO)O)O)O[C@@H]8[C@@H]([C@@H]([C@H]([C@@H](O8)C)O)O)O)C)C)O)C)OC1,0
CNC(=O)C1=C(C=C(C=C1)N2C(=S)N(C(=O)C23CCC3)C4=CC(=C(C=C4)C#N)C(F)(F)F)F,0
C1CNCCC1NC(=O)C2=C(C=NN2)NC(=O)C3=C(C=CC=C3Cl)Cl,0
CC1(C2=C(C3=CC=CC=C3C(=O)C2=O)NC1=O)C,0
C[C@H]1C[C@]2([C@H]([C@H]1OC(=O)CC3=CC=CC=C3)[C@@H]([C@@]4(CC[C@H]5[C@H](C5(C)C)/C=C(/C2=O)\C)CO4)OC(=O)C)OC(=O)C,0
C/C=C(/C)\C(=O)O[C@H]1CC2=C(C=C3C(=C2)C=CC(=O)O3)OC1(C)C,0
COC1=CC=C(C=C1)N2C(=O)/C(=C/C3=CC(=C(C=C3)O)Br)/SC2=S,0
C1CN(C(=O)N[C@@H]1O)[C@H]2C([C@@H]([C@H](O2)CO)O)(F)F,0
CC[C@@]1(C2=C(COC1=O)C(=O)N3CC4=CC5=C(C=CC(=C5CN(C)C)O)N=C4C3=C2)O,0
CC1=C(C=C2CCC(OC2=C1C)(C)CCCC(C)CCCC(C)CCCC(C)C)O,0
CCC(C)SSC1=NC=CN1,0
CC(C)N1CCC(CC1)NC2=NC(=NC3=CC(=C(C=C32)OC)OC)NC4CC4,0
CN1C=C(C=N1)C2=NN3C(=NN=C3SC4=CC5=C(C=C4)N=CC=C5)C=C2,0
C1CCN(CC1)CCOC2=CC=C(C=C2)C3=C4C5=C(CC4(CCC3=O)CC6=CC=C(C=C6)Cl)C=C(C=C5)O,0
CC1(C(=O)N(C(=O)N1C)C[C@@H]([C@@H](CC2CCCC2)C(=O)N3CCCCC3)C(=O)NO)C,0
CC1=NC2=C(C=C(C=C2)CN(C)C3=CC=C(S3)C(=O)N[C@@H](CCC(=O)O)C(=O)O)C(=O)N1,0
C[C@@H]1CN(C[C@@H](O1)C)C2=NC=C(C=C2)NC(=O)C3=CC=CC(=C3C)C4=CC=C(C=C4)OC(F)(F)F,0
C[C@H]1C[C@@H](C(=O)[C@@H](C1)[C@@H](CC2CC(=O)NC(=O)C2)O)C,0
C1CC2=C(C=CC(=C2)C(=O)O)C(=C(C1)C3=C(C=C(C=C3)Cl)Cl)C4=CC=C(C=C4)O[C@H]5CCN(C5)CCCF,0
CC(=CCCC(=C)[C@H]1CC[C@@]2([C@@H]1[C@@H](C[C@H]3[C@]2(CC[C@@H]4[C@@]3(C[C@H]([C@@H](C4(C)C)O[C@H]5[C@@H]([C@H]([C@@H]([C@H](O5)CO)O)O)O[C@H]6[C@@H]([C@H]([C@@H]([C@H](O6)CO)O)O)O)O)C)C)O)C)C,0
CCCCCCCCCCCCCCCC(=O)N[C@@H](CN1CCOCC1)[C@H](C2=CC=CC=C2)O,0
C(CS(=O)(=O)[O-])S.[Na+],0
CC(C)[C@@H](C(=O)NCC(=O)N[C@@H](CCCCN)C(=O)N[C@@H](CCCCN)C(=O)N[C@@H](CCCNC(=N)N)C(=O)N[C@@H](CCCNC(=N)N)C(=O)N1CCC[C@H]1C(=O)N[C@@H](C(C)C)C(=O)N[C@@H](CCCCN)C(=O)N[C@@H](C(C)C)C(=O)N[C@@H](CC2=CC=C(C=C2)O)C(=O)N3CCC[C@H]3C(=O)O)NC(=O)[C@@H]4CCCN4C(=O)[C@H](CCCCN)NC(=O)CNC(=O)[C@H](CC5=CNC6=CC=CC=C65)NC(=O)[C@H](CCCNC(=N)N)NC(=O)[C@H](CC7=CC=CC=C7)NC(=O)[C@H](CC8=CNC=N8)NC(=O)[C@H](CCC(=O)O)NC(=O)[C@H](CCSC)NC(=O)[C@H](CO)NC(=O)[C@H](CC9=CC=C(C=C9)O)NC(=O)[C@H](CO)N,0
C1CN(CCN1C2=NC=NC3=C2OC4=CC=CC=C43)C(=S)NCC5=CC6=C(C=C5)OCO6.Cl,0
C[C@H]1[C@H]([C@H](C[C@@H](O1)O[C@H]2C[C@@](CC3=C2C(=C4C(=C3O)C(=O)C5=C(C4=O)C(=CC=C5)OC)O)(/C(=N/NC(=O)CCCCCN6C(=O)C=CC6=O)/CO)O)N)O,0
CN1CCN(CC1)C2=CC=C(C=C2)C(=O)NC3=NNC4=C3CN(C4)C(=O)[C@@H](C5=CC=CC=C5)OC,0
CCCCCC(=O)OC[C@@H]1[C@H]([C@@H]([C@H]([C@H](O1)OC2CC3C(C4(C2)C(C(N3C(=O)[C@@H]([C@@H](C)CC)NC(=O)C(COS(=O)(=O)O)OC)C(=O)NCCC5=CCN(C5)C(=N)N)NC(=O)O4)O)OC(=O)CCCCC)O)O,0
[2H]C1(C(N(C(C(N1C)([2H])[2H])([2H])[2H])CC2=CC=C(C=C2)C(=O)NC3=CC(=C(C=C3)C)NC4=NC=CC(=N4)C5=CN=CC=C5)([2H])[2H])[2H],0
CC(C)(C1=NC=C(C=C1)C2=CN=C3C(=N2)N(C(=O)CN3)C4CCC(CC4)OC)O,0
CCCCC(=O)OCC(=O)[C@]1(C[C@@H](C2=C(C1)C(=C3C(=C2O)C(=O)C4=C(C3=O)C=CC=C4OC)O)O[C@H]5C[C@@H]([C@@H]([C@@H](O5)C)O)NC(=O)C(F)(F)F)O,0
CC(=O)O.CC(=O)O.C(CN=C(N)NO)[C@@H](C(=O)O)N,0
C([C@@H](C(=O)[O-])NC(=O)CP(=O)(O)[O-])C(=O)[O-].[Na+].[Na+].[Na+],0
COC1=CC=C(C=C1)[C@]23[C@@H](C[C@H]([C@]2(C4=C(O3)C=C(C=C4OC)OC)O)O)C5=CC=CC=C5,0
CC(C)(CCC(=O)NC1=CC2=C(C=C1)NC(=C2)C(=O)NC3=CC4=C(C=C3)NC(=C4)C(=O)N5C[C@H](C6=C5C=C(C7=CC=CC=C76)OP(=O)(O)O)CCl)S,0
C[C@@H]1[C@H]([C@]2([C@H]3[C@H]4[C@]1([C@@H]5C=C(C(=O)[C@]5([C@@H]([C@@]6([C@H]4O6)CO)O)O)C)O[C@](O3)(O2)C7=CC=CC=C7)C(=C)C)OC(=O)/C=C/C=C/C8=CC=CC=C8,0
C1=CC=C2C(=C1)C(=O)SS2(=O)=O,0
C1CCC2=C(C1)C(=C(S2)NC(=O)COCC3=NOC(=C3)C4=CC=CS4)C(=O)N,0
C1[C@H](C2=C(N1C(=O)C3=CC4=C(N3)C=CC(=C4)NC(=O)C5=CC6=C(N5)C=CC(=C6)N)C=C(C7=CC=CC=C72)O)CCl,0
CNC(=O)COC1=CC2=CC(=CC(=C2N(C1=O)C)OC)NC3=NC(=NC=C3Cl)N4CCC(CC4)C(=O)N(C)C,0
CCC1=C2N=C(C=C(N2N=C1)NCC3=C[N+](=CC=C3)[O-])N4CCCC[C@H]4CCO,0
CC(C)C[C@H](C(=O)OC)N(CCCC#C)C1=NC(=NC(=N1)Cl)Cl,0
C[C@@H]1CC[C@H]([C@@H](C1)C(=O)N2C3=C(C=C(C=C3)OC)N(C2=O)CCN)C(C)C.Cl,0
C[C@H]1[C@H]([C@H](C[C@@H](O1)O[C@H]2C[C@@](CC3=C2C(=C4C(=C3O)C(=O)C5=C(C4=O)C(=CC=C5)OC)O)(C(=O)CO)O)N)O[C@@H]6CCCCO6.Cl,0
C1=CC=C2C=C(C(=CC2=C1)C(=O)NCCOC3=CC4=CC=CC=C4C=C3C(=O)NC5=C(C=C(C=C5)Cl)O)OCCCN.Cl,0
CC(C)N1C2=NC=NC(=C2C(=N1)C3=CC4=C(C=C3)OC(=N4)N)N,0
CC(=CCC1=C(C(=C(C=C1O)OC)C(=O)/C=C/C2=CC=C(C=C2)O)O)C,1
CCOC(=O)C1=C(N(N=C1)C2=CC=CC=C2)NC(=O)C3=NN4C(=CC(=NC4=C3)C5=CC=CO5)C(F)(F)Cl,0
C1=CC=C2C(=C1)C(=O)C=C(O2)C3=CC=C(C=C3)Br,0
CC(C)C[C@@H](C(=O)N[C@@H](C(C)C)C(=O)OCC1=CC=CC=C1)N2C(=O)[C@@H]3CC4=C(CN3C2(C)C)NC5=CC=CC=C45,0
C1=NC2=NC=NC(=C2N1)N.Cl,0
CCCC(C1=CC=C(C=C1)OCCN2CCOCC2)NC(=O)/C(=C/C3=C(C=CC(=N3)Cl)Cl)/C#N,0
C1=CC(=C(C(=C1)Cl)C2=NOC(=C2CNC3=CC=C(C=C3)C(=O)O)C4=CNC=C4)C(F)(F)F,0
CN(C)NC(=O)CCC(=O)O,0
C1=CC2=C(C=C1C(=N)N)NC(=N2)C3=CC=C([Se]3)C4=NC5=C(N4)C=C(C=C5)C(=N)N,0
CC1=C(C=C(C=C1)[N+](=O)[O-])S(=O)(=O)N2C(=NC3=CC=CC=C32)C,0
C[C@@H](C(=O)N[C@@H](CC(=O)O)C(=O)COC1=C(C(=CC(=C1F)F)F)F)NC(=O)C(=O)NC2=CC=CC=C2C(C)(C)C,0
C1CN(CCC12C3=CC=CC=C3CO2)CCCCC4=CN(C5=CC=CC=C54)C6=CC=C(C=C6)F,0
CC1=CC(=O)[C@H]([C@]2([C@H]1C[C@@H]3[C@]45[C@@H]2[C@H]([C@@H]([C@]([C@@]4([C@H](C(=O)O3)O)O)(OC5)C)O)O)C)O,0
CC(C)(C1=CC=C(C=C1)C(=O)CCCN2CCC(CC2)OC(C3=CC=CC=C3)C4=CC=CC=C4)C(=O)O,0
CC(C)(C)N1C2=NC=NC(=C2C(=N1)C3=CC=CC4=CC=CC=C43)N,0
CCN1CCN(CC1)C(=O)NC2=C(C=C3C(=C2)C(=NC=N3)NC4=CC=CC(=C4)C#C)OC.C(CC(=O)O)C(=O)O,0
CC1(CCC2(CC1)[C@@]3([C@H]([C@@H](N2)C(=O)N[C@@H]4CC[C@H](OC4)C(=O)N)C5=C(C(=NC=C5)Cl)F)C6=C(C=C(C=C6)Cl)NC3=O)C,0
C[C@H]1[C@@H]([C@H](C[C@@H](O1)O[C@H]2C[C@@](CC3=C2C(=C4C(=C3O)C(=O)C5=C(C4=O)C(=CC=C5)OC)O)(C(=O)CO)O)N)O.Cl,0
C=CCN1C2=C(N=C(NC2=O)N)N(C1=O)[C@H]3[C@@H]([C@@H]([C@H](O3)CO)O)O,0
C1CN(CCC1C(=O)N2[C@@H](CC=N2)C3=CC(=CC(=C3)F)F)C4=NC=NC(=C4)C#N,0
CC1=CC=C(C=C1)C2=CN3C4=C(CCCC4)SC3=N2,0
CCCCCCNC(=O)N1C=C(C(=O)NC1=O)F,0
CCOC(=O)[C@H](C)NP(=O)(COCCN1C=NC2=C(N=C(N=C21)N)NC3CC3)N[C@@H](C)C(=O)OCC,0
CCOC(=O)/C=C/C1=CC(=C(C=C1)O)O,0
C1=CC=C2C(=C1)C(=O)C3=C(C2=O)C(=C(C=C3NC4=CC=C(C=C4)Cl)S(=O)(=O)[O-])N.[Na+],0
CN(C)C1CCN(CC1)C(=O)C2=CC=C(C=C2)NC(=O)NC3=CC=C(C=C3)C4=NC(=NC(=N4)N5CCOCC5)N6CCOCC6,0
C[C@H](CCC(=O)O)[C@H]1CC(=O)[C@@]2([C@@]1(CC(=O)C3=C2[C@H](C[C@@H]4[C@@]3(CCC(=O)C4(C)C)C)O)C)C,0
C1CN(CCN1C(=O)CCBr)C(=O)CCBr,0
C#CC1=CC(=CC=C1)NC2=NC=NC3=CC4=C(C=C32)OCCOCCOCCO4,0
C[C@H]1C[C@H]2[C@@H]3CC[C@@]([C@]3(C[C@@H]([C@@H]2[C@@]4(C1=CC(=O)C=C4)C)O)C)(C(=O)COC(=O)CCC(=O)O)O,0
C1=CC(=C[N+](=C1)[C@H]2[C@@H]([C@@H]([C@H](O2)CO)O)O)C(=O)[O-],0
CC/C(=C(\C1=CC=CC=C1)/C2=CC=C(C=C2)OCCN(C)C)/C3=CC=CC=C3,0
CN(C)CC1=C(SC2=C1C(=O)N(C(=O)N2CC3=C(C=CC=C3F)F)C4=NN=C(C=C4)OC)C5=CC=C(C=C5)NC(=O)NOC,0
C1=CC2=C(C(=C1)O)C(=O)C3=C([C@H]2[C@H]4[C@@H]([C@H]([C@@H]([C@H](O4)CO)O)O)O)C=C(C=C3O)CO,0
CCS(=O)(=O)N1CCN(CC1)C2=CC=C(C=C2)NC3=NC=C(C(=N3)NC4CC4)C(=O)N,0
C1CCN(CC1)CC(CN2C=CN=C2[N+](=O)[O-])O.Cl,0
COC1=CC(=C(C(=C1)OC)C(=O)/C=C/C2=CC=C(C=C2)O)O,0
CC(C)CCCCCCCCCCCC(=O)O,0
CC(C)[C@H](CO)NC1=NC(=C2C(=N1)N(C=N2)C(C)C)NC3=CC(=C(C=C3)C(=O)O)Cl,0
C1CNCCN(C1)S(=O)(=O)C2=CC=CC3=C2C=CC=C3I.Cl,0
C1=CC(=C(C(=C1C=NNC(=O)C(CO)N)O)O)O,0
CC(=CCC[C@H]([C@H]1[C@@H](C[C@@]2([C@@]1(CCC3=C2CCC4[C@@]3(CC[C@@H](C4(C)C)OC(=O)C)C)C)C)O)C(=O)O)C,0
C1COCCN1C2=NC(=NC(=C2)C3=CN=C(C=C3C(F)(F)F)N)N4CCOCC4.Cl,0
C[C@H](CN1C=NC2=C(N=CN=C21)N)OCP(=O)(OCOC(=O)OC(C)C)OCOC(=O)OC(C)C,0
CC1=CC(=CC(=C1O)C)C2=NC3=C(C4=C(S3)CN(CC4)C)C(=O)N2,0
CC1=CC2=C(N1)C=CC(=C2F)OC3=NC=NC4=CC(=C(C=C43)OC)OCCCN5CCCC5,0
C1=CC=C(C=C1)CN=C=S,0
C1C(S1)CS(=O)(=O)C2=CC=C(C=C2)OC3=CC=CC=C3,0
C[C@@H]1CC[C@H]([C@@H](C1)C(=O)NC2=CC=C(C=C2)OC)C(C)C,0
CC(C)NC(=O)C1=CC=C(C=C1)CNNC.Cl,0
CC(=C)[C@@H]1CC[C@]2([C@H]1[C@H]3CC[C@@H]4[C@]5(CC[C@@H](C([C@@H]5CC[C@]4([C@@]3(CC2)C)C)(C)C)OC(=O)C)C)C(=O)OCC(CO)(CO)N,0
COC1=C(C=CC(=C1)C2=COC3=CC(=C(C(=C3C2=O)O)OC)OC4C(C(C(C(O4)CO)O)O)O)O,0
COC1=CC=C(C=C1)[C@H]2C3=C(CCN2C(=O)OC4=CC=C(C=C4)Cl)C5=C(N3)C=CC(=C5)Cl,0
C1CCC(C1)C(CC#N)N2C=C(C=N2)C3=C4C=CNC4=NC=N3.OS(=O)(=O)O,0
CC1=C2[C@H](C(=O)[C@@]3([C@H](C[C@@H]4[C@]([C@H]3[C@@H]([C@@](C2(C)C)(C[C@@H]1O)O)OC(=O)C5=CC=CC=C5)(CO4)OC(=O)C)O)C)OC(=O)C,0
CS(=O)CCCN=C=S,0
C[C@@H]1C[C@@H]2CC[C@H]3C(=C)C[C@@H](O3)CC[C@]45C[C@@H]6[C@H](O4)[C@H]7[C@@H](O6)[C@@H](O5)[C@@H]8[C@@H](O7)CC[C@@H](O8)CC(=O)C[C@H]9[C@H](C[C@H](C1=C)O2)O[C@@H]([C@@H]9OC)C[C@@H](CN)O.CS(=O)(=O)O,0
C[C@@H](C(=O)N[C@H]1CCCC[C@H]2CC[C@H](N2C1=O)C(=O)N[C@@H](C3=CC=CC=C3)C4=CN(N=N4)CCCCC5=CC=C(C=C5)CCCCN6C=C(N=N6)[C@H](C7=CC=CC=C7)NC(=O)[C@@H]8CC[C@H]9N8C(=O)[C@H](CCCC9)NC(=O)[C@H](C)NC)NC,0
CC1=CC2=C(N1)C=CC(=C2F)OC3=NC=NN4C3=C(C(=C4)OC[C@@H](C)O)C,0
CN1CCN(CC1)C(=O)C2=CC3=C(C=C2)C=C(C=C3)CCNC4=NC=NC5=C4C=C(C=C5)C#N,0
CC1=CC2=C(C=CC(=C2)NS(=O)(=O)C3=CC=C(C=C3)C#N)N(C1=O)C,0
COC1=C(C=C(C=C1)/C=C/C(=O)C2(CCCCC2)C(=O)/C=C/C3=CC(=C(C=C3)OC)OC)OC,0
CCCCCCCCCCCCCCCCCCOP(=O)(O)OC[C@@H]1[C@H]([C@@H]([C@@H](O1)N2C=CC(=NC2=O)N)O)O,0
CC(C)(C)CNCCN1C2=C(C(=NC=C2)N)N=C1SC3=CC4=C(C=C3N(C)C)OCO4,0
CC1=C2[C@H](C(=O)[C@@]3([C@H](C[C@@H]4[C@]([C@H]3[C@@H]([C@@](C2(C)C)(C[C@@H]1OC(=O)[C@@H]([C@H](C5=CC=CC=C5)NC(=O)OC(C)(C)C)O)O)OC(=O)C6=CC=CC=C6)(CO4)OC(=O)C)OC)C)OC,0
CC(C)C1C(=O)NC(CSSCC(C(=O)NC(C(=O)NC(C(=O)NC(C(=O)N1)CCCCN)CC2=CNC3=CC=CC=C32)CC4=CC=C(C=C4)O)NC(=O)C(CC5=CC=CC=C5)N)C(=O)NC(CC6=CNC7=CC=CC=C76)C(=O)N.CC(=O)O,0
CC(=O)N1CCC2=C(C1)C(=NN2C3CCOCC3)N4CCCC5=CC(=C(C=C54)C(F)F)C6=CN(N=C6)C,0
CC(C1=CC=CC=C1)C(=O)NC2=CC(=CC=C2)N=CC3=C(C=CC4=CC=CC=C43)O,0
CNC(=O)C1=CC=CC=C1NC2=NC(=NC=C2Cl)NC3=C(C=C(C=C3)N4CCOCC4)OC,0
CCOC(=O)[C@H](CCC(=O)N[C@@H](CSCC1=CC=CC=C1)C(=O)N[C@H](C2=CC=CC=C2)C(=O)OCC)N.Cl,0
CCN(CC)CCNC(=O)C1=C(NC(=C1C)/C=C\2/C3=C(C=CC(=C3)F)NC2=O)C.C([C@@H](C(=O)O)O)C(=O)O,0
C1=CC(=C(C=C1F)O)C2=CC=C(O2)/C=C\3/C(=O)NC(=O)S3,0
C1=CC(=C(C=C1C(F)(F)F)NC(=O)C2=C(C=CC(=C2)Br)O)C(F)(F)F,0
C1CC(=O)N(OC1)CC2=CC(=C(C(=C2F)F)NC3=C(C=C(C=C3)I)F)C(=O)NOCCO,0
C[C@@H]1CC[C@@]2([C@H]([C@H]3[C@@H](O2)[C@H]([C@@H]4[C@@]3(CC[C@H]5[C@H]4CC[C@@H]6[C@@]5(C[C@H]([C@@H](C6)O[C@H]7[C@@H]([C@H]([C@H]([C@H](O7)CO)O[C@H]8[C@@H]([C@H]([C@@H]([C@H](O8)CO)O)O[C@H]9[C@@H]([C@H]([C@@H](CO9)O)O)O)O[C@H]2[C@@H]([C@H]([C@H]([C@H](O2)CO)O)O[C@H]2[C@@H]([C@H]([C@@H]([C@H](O2)CO)O)O)O)O)O)O)O)C)C)O)C)OC1,0
C1=CC=C(C=C1)CNC(=O)C2=CSC(=N2)NC3=NC=NC=C3,0
CN1/C(=C\C2=CC=CC=C2)/C(=O)N/C(=C\C3=CC=CC=C3)/C1=O,0
C/C/1=C\CC[C@@]2([C@H](O2)[C@@H]3[C@@H](CC1)C(=C)C(=O)O3)C,0
CCCC(=O)OCOC(=O)C(C)(C)C,0
C[C@@H](C(F)(F)F)NC1=C(C(=NC2=NC=NN12)Cl)C3=C(C=C(C=C3F)OCCCNC)F,0
CN1CCN(CC1)C(=O)C2[C@@H]3CC[C@H](C2C(=O)O)O3,0
C1[C@H](N(CC1(F)F)C(=O)CNC(=O)C2=CC=NC3=CC=CC=C23)C#N,0
COC1=C2C3=C(C(=O)CC3)C(=O)OC2=C4C(=C1)O[C@@H]5[C@]4(C=CO5)O,0
COC1=CC(=C2C(=C1)OC(=CC2=O)C3=CC=CC=C3)O,0
CCC(C)C1C(=O)N(C(C(=O)N(C(C(=O)NCCC(=O)OC(C(=O)N2CCCC2C(=O)N1)CC=C)C)C)C(C)C)C,0
C[C@H](/C=C/[C@@H](C1CC1)O)[C@H]2CC[C@@H]\3[C@@]2(CCC/C3=C\C=C/4\C[C@H](C[C@@H](C4=C)O)O)C,0
COC1=C(C=C(C=C1)/C=C\C2=CC(=C(C(=C2)OC)OC)OC)NC(=O)[C@H](CO)N.Cl,0
CN1C(=NC=N1)[C@@H]2[C@H](NC3=CC(=CC4=C3C2=NNC4=O)F)C5=CC=C(C=C5)F,0
CC1=CC(=CC=C1)COC2=CC=CC(=C2)/C=C/3\C(=O)NN(C3=O)C4=CC=CC=C4,0
CC(C)(C(=O)NC1=CC(=CC=C1)S(=O)(=O)NC2=NC3=CC=CC=C3N=C2NC4=C(C=CC(=C4)OC)Cl)N,0
COC1=CC(=CC(=C1OC)OC)C2CC(=NN2C(=S)N)C3=CC=CC=C3,0
C1CCC(CC1)NC(=O)N(CCCl)N=O,0
CN1CC[C@H]([C@@H]1CO)C2=C(C=C(C3=C2OC(=CC3=O)C4=CC=CC=C4Cl)O)O.Cl,0
CN1C2=NC=NC3=C2C(=CN3[C@H]4[C@@H]([C@@H]([C@H](O4)CO)O)O)C(=N1)N,0
CCCN1C=NC2=C1C(=O)N(C(=O)N2C)CCCCC(C)(C)O,0
C[C@@H]1CC[C@@]2(CC[C@@]3(C(=CC[C@H]4[C@]3(CC[C@@H]5[C@@]4(CC[C@@H](C5(C)C)O)C)C)[C@@H]2[C@]1(C)O)C)C(=O)O,0
C1C(C(=O)OC1COC2=CC=CC=C2[N+](=O)[O-])CC3=CC=CC=C3,0
C1=CC(=CC=C1C(=O)NC2=NC3=C(S2)C=C(C=C3)NC(=O)CSC4=CC=C(C=C4)N)C(F)(F)F,0
CC[C@H](C)[C@@H]1[C@H](CC(=O)O[C@H](C(=O)[C@@H](C(=O)N[C@H](C(=O)N2CCC[C@H]2C(=O)N([C@H](C(=O)O[C@@H]([C@@H](C(=O)N1)NC(=O)[C@@H](CC(C)C)N(C)C(=O)[C@@H]3CCCN3C(=O)C(=O)C)C)CC4=CC=C(C=C4)OC)C)CC(C)C)C)C(C)C)O,0
C[C@H]1C[C@@H]([C@@H]([C@H](/C=C(/[C@@H]([C@H](/C=C\C=C(\C(=O)NC2=CC(=C(C(=C2O)C1)NCC=C)O)/C)OC)OC(=O)N)\C)C)O)OC.Cl,0
CCCC1=CC2=C(N=CN=C2S1)N3CCN(CC3)C4=NCC(S4)(C)C,0
CN1CCCCCOC2=C(C=C3C(=C2)C(=NC=N3)NC4=C(C1)C=CC(=C4)Br)OC,0
C1=C(C=C(C(=C1O)O)O)C2=[O+]C3=CC(=CC(=C3C=C2O)O)O.[Cl-],0
CC[C@H](C)[C@@H]([C@@H](CC(=O)N1CCC[C@H]1[C@@H]([C@@H](C)C(=O)N[C@@H](CC2=CC=CC=C2)C(=O)O)OC)OC)N(C)C(=O)[C@H](C(C)C)NC(=O)[C@H](C(C)C)N(C)C,0
C[C@@]12CCC(=O)C([C@H]1C[C@H]([C@]34[C@H]2CC[C@H]([C@H]3O)C(=C)C4=O)O)(C)C,0
COC1=C2C3=C(C(=O)OCC3)C(=O)OC2=C4[C@@H]5CCO[C@@H]5OC4=C1,0
COC1=CC=C(C=C1)C2=COC3=C(C2=O)C=CC(=C3)O,0
C=C1[C@H]([C@H]([C@](O1)(CO)N2C=NC3=C(N=CN=C32)N)O)O,0
COC1=C(C=C2CC(=O)N(CCC2=C1)CCCNC[C@H]3CC4=CC(=C(C=C34)OC)OC)OC.Cl,0
COC1=C(C=CC(=C1)C2=CC(=C(C=C2)[N+]3=NC(=NN3C4=CC=C(C=C4)[N+](=O)[O-])C5=CC=CC=C5)OC)[N+]6=NC(=NN6C7=CC=C(C=C7)[N+](=O)[O-])C8=CC=CC=C8.[Cl-].[Cl-],0
C1CC(=O)N(C1=O)OC(=O)CCCCSSC2=CC=CC=N2,0
C1=CC(=C(C(=C1)Cl)NC(=O)NC2=CSC(=C2)[N+](=O)[O-])Cl,0
CC[C@H](C)[C@@H](C(=O)N[C@@H]([C@@H](C)CC)C(=O)N[C@@H](CC(=O)N)C(=O)N[C@@H](CC1=CC=CC=C1)C(=O)N[C@@H](CCC(=O)O)C(=O)N[C@@H](CCCCN)C(=O)N[C@@H](CC(C)C)C(=O)O)NC(=O)[C@H](CO)N.C(=O)(C(F)(F)F)O,0
CC1=C(SC(=N1)C2=CC(=C(C=C2)OCC(C)C)C=O)C(=O)O,0
C1CC(=O)N(C1=O)OC(=O)CCCC[C@H]2[C@@H]3[C@H](CS2)NC(=O)N3,0
C1=CC=C(C(=C1)NC2=NC3=NON=C3N=C2NC4=CC=CC=C4F)F,0
C1=NC(=C2C(=N1)N(C=N2)[C@H]3[C@@H]([C@@H]([C@H](O3)COS(=O)(=O)NC(=O)[C@H](CCCN=C(N)N)N)O)O)N,0
CCCCCCCC/C=C\CCCCCCCCOCC(C[N+](C)(C)C)OCCCCCCCC/C=C\CCCCCCCC.[Cl-],0
C1=CC=C(C(=C1)C=O)O[C@H]2[C@@H]([C@H]([C@@H]([C@H](O2)CO)O)O)O,0
COC1=C(C=CC(=C1)[C@@H]2[C@H]3COC(=O)[C@H]3C(=C[C@H]2C(=O)O)[C@@H]4[C@H](C(=O)C5=C(C=C(C=C5O4)O)O)O)O,0
C1=CC=C(C=C1)CC2=C(N3C=C(N=C(C3=N2)C4=CC=NC=C4)C5=CC=CC=C5)O,0
C(C(C(=O)O)N)C(=O)N.O,0
C1=CC=C2C(=C1)C(=CC(=N2)C3=NC4=CC=CC=C4C(=C3)C(=O)[O-])C(=O)[O-].[Na+].[Na+],0
CC1=C(C2=C3C4=C(C1)C(=C(C5=C4C(=C6C3=C(C(=O)C=C6OC)C(=C2OC)O)C(=CC5=O)OC)O)OC)C(=O)C,0
C[C@H]1[C@@H]([C@H]([C@H]([C@@H](O1)O[C@@H]2[C@H]([C@@H]([C@H](O[C@H]2OC(=O)[C@@]3(CCC[C@@]4([C@@H]3CC[C@]56[C@H]4CC[C@](C5)(C(=C)C6)O[C@H]7[C@@H]([C@H]([C@@H]([C@H](O7)CO)O)O[C@H]8[C@@H]([C@H]([C@@H]([C@H](O8)CO)O)O)O)O[C@H]9[C@@H]([C@H]([C@@H]([C@H](O9)CO)O)O)O)C)C)CO)O)O)O)O)O,0
CC1=CC=C(C=C1)S(=O)(=O)O.C1C[C@H](N(C1)C(=O)CN)C(=O)NC2=CC=C(C=C2)[N+](=O)[O-],0
CC(C)C1=CC(=CC(=C1O)C(C)C)/C=C(\C#N)/C(=O)N,0
C(CC(=O)N)[C@@H](C(=O)O)NC(=O)CN,0
C1CCN2C[C@@H]3C[C@H]([C@H]2C1)CN4[C@H]3CCCC4,0
CCCCCCC/C=C/C(=O)NCCSCCC1CCCCC1,0
C[N+]1=CC=C(C=C1)C2=CC=C(C=C2)N(C)C.[I-],0
C[C@H]1[C@@H]([C@H]([C@H]([C@@H](O1)O[C@@H]2[C@H]([C@@H]([C@H](O[C@H]2OC3=C(C(=C4C(=C3)C(=O)C5=C(C4=O)C=CC(=C5)O)O)C)CO)O)O)O)O)O,0
COC1=CC(=C(C=C1C=C)C(=O)NC2=CC=C(C=C2)C(=N)N)C3=C(N=C(C=C3)C(=O)NCC4CC4)C(=O)O,0
CC(C)N1C(=O)C2=C(C=CC(=C2)O)NS1(=O)=O,0
CCN(CCO)C1=CC=C(C=C1)N=NC2=CC=C(C=C2)[N+](=O)[O-],0
C(C(=O)C(=O)O)O,0
C[C@H]([C@@H](C(=O)N[C@@H]([C@@H](C)O)C(=O)N[C@@H](CC(C)C)C(=O)N[C@@H](CC(=O)N)C(=O)N[C@@H](CC(C)C)C(=O)N[C@@H](CC1=CC=CC=C1)C(=O)N)NC(=O)[C@@H]2CCCN2C(=O)[C@H](CCCN=C(N)N)NC(=O)[C@H](CCCCN)NC(=O)[C@@H]3CCCN3C(=O)[C@H](CCCN=C(N)N)N)O,0
CC(C)C1=C(C2=C(C=C1)[C@]3(CCC4=C([C@@H]3CC2)COC4=O)C)O,0
C1C2=CC=CC=C2C#CC3=CC=CC=C3N1C(=O)CCNC(=O)CCOCCOCCOCCOCCC(=O)O,0
CC[C@H](C)[C@@H](C(=O)N[C@@H](CCC(=O)O)C(=O)N1CCC[C@H]1C(=O)N[C@@H](CC(=O)O)C(=O)NC2=CC3=C(C=C2)C(=CC(=O)O3)C(F)(F)F)NC(=O)C,0
CC(C)N(C(C)C)P(OCCC#N)O[C@@H]1[C@H](O[C@H]([C@@H]1O[Si](C)(C)C(C)(C)C)N2C=CC(=NC2=O)NC(=O)C3=CC=CC=C3)COC(C4=CC=CC=C4)(C5=CC=C(C=C5)OC)C6=CC=C(C=C6)OC,0
C[C@@H]1CC[C@H]2[C@H](C(=O)OC23[C@H]1CC[C@@]4([C@H]3O4)C)C,0
C1=CC=C(C=C1)C2=NN([N+](=N2)C3=CC=CC=C3)C4=CC=CC=C4.[Cl-],0
COC1=C(C=CC(=C1)/C=C\2/C(C(C3=C2C=C(C=C3O)O)C4=CC(=C(C=C4)O)OC)C5=CC(=CC(=C5)O)O)O,0
C1=CC=C2C(=C1)C(=O)C3=CC(=C(C(=C3C2=O)O)O)S(=O)(=O)[O-].[Na+],0
CC1=CC(=O)CC([C@]1(/C=C/[C@@H](C)O)O)(C)C,0
C(CN(CC(=O)O)CC(=O)[O-])N(CCN(CC(=O)O)CC(=O)[O-])CC(=O)[O-].[Gd+3],0
CC1(C(=O)NC(=O)N1C)C,0
C1=CC=C(C=C1)/C(=C/C2=C(NC3=C2C(=CC(=C3)Cl)Cl)C(=O)O)/C(=O)O,0
CCCCOC(=O)COC1=C(C=C(C=C1)Cl)Cl,0
C([C@@H]1[C@H]([C@@H]([C@H]([C@H](O1)O[C@@H]2[C@H](O[C@@H]([C@@H]([C@H]2O)O)O[C@]3([C@H]([C@@H]([C@H](O3)CO)O)O)CO)CO)O)O)O)O,0
CCCCCCCCCCCCCCCC(=O)OC[C@@H]([C@@H]1C(=C(C(=O)O1)O)O)O,0
CC1=C(C=CC(=C1)OC2C(C(C(C(O2)CO)O)O)O)O,0
CCCN1C2=C(C=CC(=N2)NCC3=CC=C(C=C3)F)N=C1C4=CC=C(C=C4)Br,0
C1C(OC2=CC(=CC(=C2C1=O)O)OC3C(C(C4C(O3)COC(=O)C5=CC(=C(C(=C5C6=C(C(=C(C=C6C(=O)O4)O)O)O)O)O)O)OC(=O)C7=CC(=C(C(=C7)O)O)O)O)C8=CC=CC=C8,0
CC(=O)OC1=CC2=C(C=C1)C3(C4=C(C=C(C=C4)C(=O)O)C(=O)O3)C5=C(O2)C=C(C=C5)OC(=O)C,0
C1CC(=O)N(C1=O)OC(=O)CCCCCNC2=C(C=C(C=C2)[N+](=O)[O-])[N+](=O)[O-],0
C[C@H]1[C@H]([C@H]([C@@H]([C@@H](O1)OC2=C(C=C(C=C2)[N+](=O)[O-])Cl)O)O)O,0
CN1C2=C(COC3=C2C=C(C=C3)Cl)C(=N1)C(=O)N(CC4=CC=CC=C4)CC5=CC=C(C=C5)C(=O)O,0
C1=CC=C(C(=C1)C2=C3C=CC(=N)C=C3OC4=C2C=CC(=C4)N)C(=O)O.Cl,0
C1CCNC(=O)C(C1)N(CC2=CC=C(C=C2)Br)S(=O)(=O)C3=CC=C(C=C3)Cl,0
CC1=CC=C(C=C1)S(=O)(=O)NCC(=O)N2CCC[C@H]2C(=O)N[C@@H](CCCN=C(N)N)C(=O)NC3=CC(=C(C=C3)[N+](=O)[O-])C(=O)NC(C)C,0
C1=CC(=CC=C1C=O)C(=O)NCCOCCOCCOCCC(=O)OC2=C(C(=C(C(=C2F)F)F)F)F,0
C1=CC=C(C=C1)CC2=C(N3C=C(N=C(C3=N2)C4=CC=CC=C4)C5=CC=CC=C5)O,0
C1=CC(=C(C=C1O[C@H]2[C@@H]([C@H]([C@@H]([C@H](O2)CO)O)O)O)O)/C=C/C3=CC(=CC(=C3)O[C@H]4[C@@H]([C@H]([C@@H]([C@H](O4)CO)O)O)O)O,0
C(CCN)CN.Cl.Cl,0
CCCCCCCCCCCCCC[N+](C)(C)C.[Br-],0
C1=CN(C(=O)NC1=O)[C@H]2[C@@H]([C@@H]([C@H](O2)COP(=O)([O-])[O-])O)O.[Na+].[Na+],0
CC1(C=CC2=C(C=CC(=C2O1)[C@@H]3CC(=O)C4=C(C=C(C=C4O3)O)O)O)C,0
C(CCN=[N+]=[N-])C[C@@H](C(=O)O)N.Cl,0
COC1=CC=C(C=C1)COC2=CC=C(C=C2)CC#N,0
C/C=C\1/CC(=C)[C@@](C(=O)OCC2=CC[N+]3([C@H]2[C@@H](CC3)OC1=O)[O-])(C)OC(=O)C,0
CCCCC[C@@H](/C=C/[C@H]1[C@@H](C[C@@H]([C@@H]1C/C=C\CCCC(=O)O)O)O)O.C(C(CO)(CO)N)O,0
CN1C=C(C2=CC=CC=C21)C3=C(C(=O)NC3=O)C4=C5CC(CCN5C6=CC=CC=C64)CN.Cl,0
C1=CC=C(C=C1)CNC2=NC=NC3=C2NC=N3,0
COC(=O)C1=CO[C@H]([C@@H]([C@@H]1CCOC(=O)C2=C(C(=CC=C2)O[C@H]3[C@@H]([C@H]([C@@H]([C@H](O3)CO)O)O)O)O)C=C)O[C@H]4[C@@H]([C@H]([C@@H]([C@H](O4)CO)O)O)O,0
C1=C(C2=NON=C2C(=C1)F)[N+](=O)[O-],0
CC1=CC(=O)[C@H]2C[C@@H]1C2(C)C,0
COC1=C(C=C(C=C1)C2=CC(=O)C3=C(C=C(C=C3O2)O[C@H]4[C@@H]([C@H]([C@@H]([C@H](O4)CO)O)O)O)O)O,0
C1=C2C=C(C=C(C2=C(C=C1O)O)O)O,0
C[C@H](CCCC(C)C)[C@H]1CC[C@@H]2[C@@]1(CC[C@H]3[C@H]2[C@@H](C=C4[C@@]3(CC[C@@H](C4)O)C)O)C,0
CC(C)(C)C(=O)OC1=CC=C(C=C1)S(=O)(=O)NC2=CC=CC=C2C(=O)NCC(=O)O,0
C1=CC(=C(C=C1C=CC(=O)NCCCCN)O)O,0
C1=C(NC(=CC1=O)C(=O)O)C(=O)O,0
C/C=C/C1=CC=C(C=C1)OC,0
C=C[C@H]1[C@@H](OC=C2C1=CCOC2=O)O[C@H]3[C@@H]([C@H]([C@@H]([C@H](O3)CO[C@H]4[C@@H]([C@H]([C@@H]([C@H](O4)CO)O)O)O)O)O)O,0
C[C@]12CC[C@H]3[C@H]([C@@H]1CC[C@@H]2C(=O)CO)CCC4=CC(=O)CC[C@]34C,0
C1=CC(=CN=C1)CC(O)(P(=O)(O)O)P(=O)(O)O,0
C(CS)OCCS,0
C(CC(=O)P(=O)(O)O)C(=O)O,0
CC(C)C(=O)C1=CC=C(C=C1)C(C)C(=O)O,0
C1=CC=C(C=C1)C[C@@H](C(=O)NCC(=O)NCC(=O)O)NC(=O)CNC(=O)[C@H](CC2=CC=C(C=C2)O)N,0
C1[C@H]2[C@@H]([C@@H](S1)CCCCC(=O)NN)NC(=O)N2,0
C1=CC=C2C(=C1)N=C3C=C(C(=CC3=N2)N)N,0
COC(=O)C1=C(C(=C(C(=C1Cl)Cl)C(=O)OC)Cl)Cl,0
C[C@@]12CCC[C@@]([C@H]1CC[C@]34[C@H]2CC[C@H](C3)[C@H](C4)COC)(C)C(=O)O,0
CC[C@H](C)[C@@H](C(=O)N[C@@H](CCC(=O)O)C(=O)N[C@@H]([C@@H](C)O)C(=O)N[C@@H](CC(=O)O)C(=O)NC1=CC=C(C=C1)[N+](=O)[O-])NC(=O)C,0
C1=CC2=C(C=C1C(=O)O)C3(C4=C(C=C(C=C4)O)OC5=C3C=CC(=C5)O)OC2=O,0
CCN1C2=C(C=C(C=C2)S(=O)(=O)[O-])C(C1=CC=CC=CC3=[N+](C4=C(C3(C)C)C=C(C=C4)S(=O)(=O)O)CCCCCC(=O)NCC#C)(C)C,0
CCCCCCCCCCCCCCCCC(=O)OC,0
CS(=O)(=O)O.[13CH]#[13C][13CH2]NC1CCC2=CC=CC=C12,0
CC(C)(CCC1=C(C2=CC=CC=C2C(=C1C(=O)OC)O)OC3C(C(C(C(O3)CO)O)O)O)O,0
CCOC1=CC=C(C=C1)CC2=C(C=CC(=C2)[C@]3([C@@H]([C@H]([C@@H]([C@H](O3)CO)O)O)O)O)Cl,0
C[C@H]1[C@@H]([C@H]([C@H]([C@@H](O1)O[C@@H]2[C@H]([C@@H]([C@H](O[C@H]2OC3=C(OC4=CC(=CC(=C4C3=O)O)O)C5=CC=C(C=C5)O)CO)O)O)O)O)O,0
C1=CC=C(C=C1)CCCC(=O)OCC(COC(=O)CCCC2=CC=CC=C2)OC(=O)CCCC3=CC=CC=C3,0
COC1=CC=C(C=C1)O,0
C1CC[N+](=C(C2=CC(=CC=C2)Cl)SCC(=O)O)CC1.[Br-],0
CCCCC/C=C/C/C=C/CCCCCCCCCC(=O)O,0
CC(=O)OC[C@@H]1[C@H]([C@@H]([C@H]([C@@H](O1)OC2=C(C=C3C(=C2)OC=C(C3=O)C4=CC=C(C=C4)O)OC)O)O)O,0
COC(=O)NC1=NC2=C(N1)C=C(C=C2)C(C3=CC=CC=C3)O,0
C([N+](=O)[O-])Cl,0
CC(=O)C=CC1=CC(=C(C=C1)O)O,0
CC(C)OC(=O)CCC/C=C\C[C@H]1[C@H](C[C@H]([C@@H]1/C=C/[C@H](COC2=CC=CC(=C2)C(F)(F)F)O)O)O,0
COC1=NC(=CN=C1NS(=O)(=O)C2=C(C(=CC=C2)Cl)Cl)F,0
C[C@H](CC(=O)[C@H]1C(O1)(C)C)[C@H]2C(=O)C[C@@]3([C@@]2(C[C@@H]([C@]45C3=CC[C@@H]6[C@]4(C5)CC[C@@H](C6(C)C)O[C@H]7[C@@H]([C@H]([C@H](CO7)O)O)O)O)C)C,0
CC(C)(C1=CC(=CC(=C1)C(F)(F)F)C(F)(F)F)C(=O)N(C)C2=CN=C(C=C2C3=CC=CC=C3CO)N4CCN(CC4)C,0
C1=CC=C(C=C1)C2=CC=C(C=C2)CN3C4=C(C=C(C=C4)OC(F)(F)F)C(=O)C3=O,0
[2H]C1=C(C(=C(C(=C1C#N)[2H])[2H])NC2=NC(=C(C(=N2)OC3=C(C=C(C=C3C)C#N)C)Br)N)[2H],0
CCOP(=S)(OCC)SCN1C(=O)SC(=N1)OC,0
C(C(=O)N)N(CC(=O)O)CC(=O)O,0
C[C@@H]1CC[C@@]2([C@H]([C@H]3[C@@H](O2)C[C@@H]4[C@@]3(CC[C@H]5[C@H]4CC=C6[C@@]5(CC[C@@H](C6)O[C@H]7[C@@H]([C@@H]([C@H]([C@@H](O7)C)O)OC[C@@H]8[C@H]([C@@H]([C@H]([C@@H](O8)O)O)O)O)O)C)C)C)NC1,0
COC1=C(C=CC(=C1)/C=C/C(=O)OC)O,0
C1=CC2=C(C=C1O)C(=CN2)CCO,0
CC1=C(C(=C(C2=C1O[C@](CC2)(C)CCC[C@H](C)CCC[C@H](C)CCCC(C)C)C)OP(=O)(O)O)C,0
C1[C@H](C([C@@H](CC1(C(=O)O)O)O)O)O,0
CCN(CC)C1=CC2=C(C=C1)N=C3C4=CC=CC=C4C(=O)C=C3O2,0
CS(=O)(=O)O.C1=CC(=CC=C1CCSC(=N)N)OCC2=CC=C(C=C2)[N+](=O)[O-],0
C(C(N(C(C(C(F)(F)F)(F)F)(F)F)C(C(C(F)(F)F)(F)F)(F)F)(F)F)(C(F)(F)F)(F)F,0
CCC(CCCC(=O)O)COC(=O)C1=CC=CC=C1C(=O)O,0
CC1=CN(C(=O)NC1=O)[C@H]2[C@H]3[C@@H]([C@@](O2)(CO3)CO)O,0
C[C@]12CC[C@H](C[C@H]1CC[C@@H]3[C@@H]2C(=O)C[C@]4([C@H]3CC[C@@]4(C(=O)CO)O)C)O,0
C[C@H](CCC=C(C)C)CCO,0
C1CC(=O)N(C1=O)OC(=O)C2=C(C(=C(C(=C2F)F)N=[N+]=[N-])F)F,0
C1C(=O)NC(=O)N1N.Cl,0
C1=CC=C(C=C1)N(C2=CC=CC=C2)[N]C3=C(C=C(C=C3[N+](=O)[O-])[N+](=O)[O-])[N+](=O)[O-],0
CC(=O)N[C@@H](CCCN=C(N)N)C(=O)O,0
C1(C(C(C(C(C1OP(=O)([O-])[O-])OP(=O)([O-])[O-])OP(=O)([O-])[O-])OP(=O)([O-])[O-])OP(=O)([O-])[O-])OP(=O)([O-])[O-].[Na+].[Na+].[Na+].[Na+].[Na+].[Na+].[Na+].[Na+].[Na+].[Na+].[Na+].[Na+],0
COC1=CC=CC(=C1)N2C(=NN=C2SCC(=O)[O-])C3=CC=CC=N3.[Na+],0
CC(C)C1=CC(=CC(=C1)C(C)C)C(C)C,0
C1=CC(=CC=C1C2=CC(=C(C=C2)N=NC3=C4C=CC(=CC4=CC(=C3N)S(=O)(=O)[O-])S(=O)(=O)[O-])S(=O)(=O)[O-])N=NC5=C6C=CC(=CC6=CC(=C5N)S(=O)(=O)[O-])S(=O)(=O)[O-].[Na+].[Na+].[Na+].[Na+].[Na+],0
C[C@H](CC[C@H](C(C)(C)O)O[C@H]1[C@@H]([C@H]([C@@H]([C@H](O1)CO)O)O)O[C@H]2[C@@H]([C@H]([C@@H]([C@H](O2)CO)O)O)O)[C@H]3CC[C@@]4([C@@]3(CC[C@@]5([C@H]4CC=C6[C@@H]5CC[C@@H](C6(C)C)O[C@H]7[C@@H]([C@H]([C@@H]([C@H](O7)CO)O)O)O)C)C)C,0
C[C@H]1[C@@H]([C@H]([C@H]([C@@H](O1)O[C@@H]2[C@@H]([C@H]([C@@H](O[C@H]2OC3=C(OC4=C(C3=O)C(=CC5=C4C=CC(O5)(C)C)O)C6=CC=C(C=C6)OC)C)O)O)O)O)O,0
C[C@H]([C@H](CC1=CC=C(C=C1)Cl)C2=CC=CC(=C2)C#N)NC(=O)C(C)(C)OC3=NC=C(C=C3)C(F)(F)F,0
C1COCCC1N2C3=NC=NC(=C3C(=N2)COC4=CC(=CC=C4)Cl)N,0
C1=CC2=C(C=C1N)C3(C4=C(C=C(C=C4)O)OC5=C3C=CC(=C5)O)OC2=O,0
COCCC(=O)N1C[C@@H]2C[C@H](C1)C3=CC=C(C(=O)N3C2)NC(=O)C4=CC=C(C=C4)C5=CC=CC=C5,0
COC1=C(C=CC(=C1)C2=CC(=O)C3=C(C=C(C=C3O2)O[C@H]4[C@@H]([C@H]([C@@H]([C@H](O4)CO)O)O)O)O)O,0
C1CN(CCC1C(=O)C2=CC=C(C=C2)F)CCN3C(=O)C4=CC=CC=C4NC3=S,0
C[C@H](CCC(=O)O)[C@H]1CC(=O)[C@@]2([C@@]1([C@@H](C(=O)C3=C2C(=O)C[C@@H]4[C@@]3(CC[C@@H](C4(C)C)O)C)OC(=O)C)C)C,0
C1=NC2=C(C(=O)N1)N=CN2[C@H]3[C@@H]([C@@H]([C@H](O3)COP(=O)([O-])[O-])O)O.[Na+].[Na+],0
COC1=CC=C(C=C1)C(=O)OCCC2=CC=C(C=C2)O,0
C[C@H](CC(=O)C[C@@H](C)C(=O)O)[C@H]1CC(=O)[C@@]2([C@@]1(C(=O)C(=O)C3=C2C(=O)CC4[C@@]3(CCC(=O)C4(C)C)C)C)C,0
CC1=C2C=CC(=C2C=C(C=C1)C(C)C)C,0
C[C@@H](C(=O)N[C@@H](CC1=CC=C(C=C1)O)C(=O)NCC(=O)N[C@@H](CC2=CNC3=CC=CC=C32)C(=O)N[C@@H](CCSC)C(=O)N[C@@H](CC(=O)O)C(=O)N[C@@H](CC4=CC=CC=C4)C(=O)N)NC(=O)[C@H](CCC(=O)O)NC(=O)[C@H](CCC(=O)O)NC(=O)[C@H](CCC(=O)O)NC(=O)[C@H](CCC(=O)O)NC(=O)[C@H](CCC(=O)O)NC(=O)[C@H](CC(C)C)NC(=O)[C@H](CC5=CNC6=CC=CC=C65)NC(=O)[C@@H]7CCCN7C(=O)CNC(=O)[C@@H]8CCC(=O)N8,0
CC(C)CN(CC(C)C)C1=C(C=C(C=C1)C=C2C(=O)NC(=S)NC2=O)[N+](=O)[O-],0
CC1=CC(=O)OC2=C1C=CC(=C2)NC(=O)[C@H](CCCCN)NC(=O)C,0
CC1(CC(=O)CCC1O)C,0
CC(CCCO)NC1=C2C=CC(=CC2=NC=C1)Cl,0
C[C@]12CC[C@@H](C([C@@H]1CC[C@@]3([C@@H]2CC=C4[C@]3(CC[C@@]5([C@H]4CC(=C)CC5)C(=O)O[C@H]6[C@@H]([C@H]([C@@H]([C@H](O6)CO)O)O)O)C)C)(C)C)O[C@H]7[C@@H]([C@H]([C@@H](CO7)O)O[C@H]8[C@@H]([C@H]([C@@H]([C@H](O8)CO)O)O)O)O,0
C1=CC(=CC=C1C(=O)C2=CC3=C(C=C2)N=C(N3)N)F,0
CNC1=NC2=C(C(=O)N1)NC=N2,0
C[C@@H](C1=CC=CC2=CC=CC=C21)N[C@@H]3CCN(C3)C4=CC=C(C=C4)C(=O)NCCCN5CCC(CC5)C(=O)O,0
C1=CC=C(C=C1)CC2=CC(=C(C(=C2)[N+](=O)[O-])O)C=O,0
CCN\1C2=C(C3=C(C=C2)C(=CC(=C3)S(=O)(=O)[O-])S(=O)(=O)O)C(/C1=C/C=C/C=C/C=C/C4=[N+](C5=C(C4(C)C)C6=C(C=C5)C(=CC(=C6)S(=O)(=O)O)S(=O)(=O)O)CCCCCC(=O)O)(C)C,0
CC(=O)OC[C@@H](C(=O)O)N,0
CCNC1=NC(=NC(=N1)SC)NC(C)(C)C,0
C1C(=C(N2[C@H](S1)[C@@H](C2=O)N)C(=O)O)Cl,0
CC1=C2COC(=O)C2=C(C(=C1OC)CC=C(C)CCC(=O)OC)O,0
CC1(C2=C(C3=CC(=C(C=C3O1)N4CCN(CC4)C(=O)OCC5=CC=CC=C5)[N+](=O)[O-])N(N=C2)C6=CC=C(C=C6)C(=O)O)C,0
CC(=O)NC1=CC=C(C=C1)O[C@H]2[C@@H]([C@H]([C@@H]([C@H](O2)C(=O)O)O)O)O,0
CCN1C[C@@]2([C@@H](C[C@@H]([C@@]34[C@@H]2[C@H]([C@@H](C31)[C@]5(C[C@@H]([C@]6(C[C@@H]4[C@@H]5[C@H]6OC(=O)C7=CC=CC=C7)O)OC)OC(=O)C)OC)OC)O)COC,0
CC\1=C(/C/2=C/C3=C(C(=C([N-]3)/C=C\4/C(=C(/C(=C/C5=C(C(=C([N-]5)/C=C1\[N-]2)C=C)C)/[N-]4)C=C)C)C)CCC(=O)O)CCC(=O)O.[Cd],0
CC(C)(C(COC1=C2C(=C(C3=C1OC(=O)C=C3)OC)C=CO2)O)O,0
C1=CC(=CN=C1)C2=NNN=C2,0
CCCCC[C@@H](/C=C/[C@H]1[C@@H](C[C@@H]([C@@H]1C/C=C\CCCC(=O)O)O)O)O,0
C1=CC(=CC=C1C2=NC3=NNC(=C3N=C2)N)NS(=O)(=O)C4=C(C=CC(=C4)Cl)F,0
C1CN(CCN1CCO)CCS(=O)(=O)O,0
C[C@]12CC[C@@H](C([C@@H]1CC[C@@]3([C@@H]2CC=C4[C@]3(CC[C@@]5([C@H]4C[C@](C[C@@H]5O)(C)C(=O)O)C)C)C)(C)C)O,0
C[C@@H](C[C@H]([C@@](C)([C@H]1CC[C@@]2([C@@]1(CC[C@H]3C2=CC(=O)[C@H]4[C@@]3(C[C@@H]([C@@H](C4)O)O)C)C)O)O)O)C(C)C,0
C/C=C/1\[C@@H](C(=CO[C@H]1O[C@H]2[C@@H]([C@H]([C@@H]([C@H](O2)CO)O)O)O)C(=O)OC)CC(=O)OC[C@@H]3[C@H]([C@@H]([C@H]([C@@H](O3)OCCC4=CC=C(C=C4)OC(=O)C[C@@H]\5C(=CO[C@H](/C5=C/C)O[C@H]6[C@@H]([C@H]([C@@H]([C@H](O6)CO)O)O)O)C(=O)OC)O)O)O,0
CC(=CCC1=C(C=CC(=C1)C2=COC3=C(C2=O)C=CC(=C3)O)O)C,0
C1=NC(=C(N1)C(=O)N)N,0
COC1=C(C=C(C(=C1)C=O)Cl)O,0
CNC(=O)SC1=CC=C(C=C1)OS(=O)(=O)C,0
C[C@H]1[C@@H]([C@H]([C@H]([C@@H](O1)OC2=C(OC3=C(C(=CC(=C3C2=O)O)O)CC=C(C)C)C4=CC=C(C=C4)OC)O)O)O[C@H]5[C@@H]([C@H]([C@@H]([C@H](O5)CO)O)O)O,0
CC1=C(C(=O)N(N1)C2=NC3=C(N2)C=CC(=C3Cl)Cl)C4C5=CC=CC=C5C(=O)O4,0
CC1=C(C=CC(=C1)C2=CC(=C(C=C2)N=NC3=C(C4=C(C=C(C=C4C=C3S(=O)(=O)[O-])S(=O)(=O)[O-])N)O)C)N=NC5=C(C6=C(C=C(C=C6C=C5S(=O)(=O)[O-])S(=O)(=O)[O-])N)O.[Na+].[Na+].[Na+].[Na+],0
C1=CC=C(C=C1)/C=C/C2=CC=CC=C2,0
C1[C@H]([C@@H]([C@@H]2[C@H]1OC(=O)C2)CO)O,0
C1C2C(C(C(C(O2)OC(=O)C3=CC(=C(C(=C3)O)O)O)O)OC(=O)C4=CC(=C(C(=C4C5=C(C(=C(C=C5C(=O)O1)O)O)O)O)O)O)OC(=O)C(CC(=O)O)C6C(OC(=O)C7=CC(=C(C(=C67)O)O)O)C(=O)O,0
CC/C=C(\C)/CC(C#C)OC(=O)C1C(C1(C)C)C=C(Cl)Cl,0
C[C@@H]1[C@H](N(C(O1)(C)C)C(=O)CNC(=O)OCC2C3=CC=CC=C3C4=CC=CC=C24)C(=O)O,0
C([C@@H]1[C@H]([C@@H]([C@H](C(O1)O)N)O)O)O.Cl,0
C/C=C(/C)\C(=O)O[C@H]1C(=C[C@@]23[C@@]1([C@@H](C(=C[C@H](C2=O)[C@H]4[C@H](C4(C)C)C[C@H]3C)COC(=O)C)O)O)C,0
CC(C1=CC=C(C=C1)C(CCCN2CCC(CC2)C(C3=CC=CC=C3)(C4=CC=CC=C4)O)O)C(=O)O,0
C[N+](C)(C)[C@@H](CC1=CNC(=S)N1)C(=O)[O-],0
CCCOC(=O)C1=CC=CC(=C1)C2=C(C=CC(=C2)C(=O)NC3=C(C=NC=C3)F)CN,0
C(CS(=O)(=O)O)NC(CO)(CO)CO,0
CN(C)C1=CC=C(C=C1)C2=CC=C(C=C2)CN(C3=CC=CC(=C3)/C=C/C(=O)OC)C(=O)C4CCCCC4,0
C[C@]12CCC(=O)C([C@@H]1CC[C@@]3([C@@H]2[C@H]4[C@H](O4)[C@@]56[C@]3(CC[C@@]7([C@H]5CC(CC7)(C)C)C(=O)O6)C)C)(C)C,0
CC(C)([C@@H]1CC2=C(O1)C(=C3C(=C2)C=CC(=O)O3)O)O,0
CC1=CC2=C(C=C1)OC(=O)C=C2,0
CC(=O)N[C@@H]1[C@H]([C@@H]([C@H](O[C@H]1O[C@@H]2[C@H](OC([C@@H]([C@H]2O)NC(=O)C)O)CO)CO)O)O,0
CC(=O)N[C@@H](CCC(=O)O)C(=O)N[C@@H](CCC(=O)O)C(=O)N[C@@H](CCSC)C(=O)N[C@@H](CCC(=O)N)C(=O)N[C@@H](CCCN=C(N)N)C(=O)N[C@@H](CCCN=C(N)N)C(=O)N,0
CC1(CC2=C(C(O1)(C)C)SC(=C2C(=O)N)NC(=O)C3=CC=NN3)C,0
CC1(CCCCCCC1)N2CCC(CC2)N3C4=CC=CC=C4N=C3[C@@H]5CCCNC5.Cl.Cl.Cl,0
CNC1=C2C(=NC=N1)N(C=N2)[C@H]3[C@@H]([C@@H]([C@H](O3)CO)O)O,0
C/C=C(\C)/C(=O)O[C@H]1C[C@H]([C@]2(CO[C@@H]3[C@@H]2[C@]14CO[C@@]([C@H]4[C@]([C@@H]3O)(C)[C@@]56[C@@H]7C[C@H]([C@@]5(O6)C)[C@]8(C=CO[C@H]8O7)O)(C(=O)OC)O)C(=O)OC)OC(=O)C,0
CC(C)C1=CC=C(C=C1)NC(=O)N(C)C,0
C1=NC(=C2C(=N1)N(C=N2)[C@H]3[C@@H]([C@@H]([C@H](O3)CSCC[C@@H](C(=O)O)N)O)O)N,0
COC1=C(C=C2[C@@H](C([C@@H](CC2=C1)CO)C3([C@@H]([C@H]([C@@H]([C@H](O3)CO)O)O)O)OC)C4=CC(=C(C=C4)O)OC)O,0
C1=CSC(=C1)C(=O)C2=NO[N+](=C2C(=O)C3=CC=CS3)[O-],0
CC(=CCCC1(C2CC3C1(C3C2)C)C)C,0
C1=CC2=C(C=C1C(=O)O)C(=O)OC23C4=CC(=C(C(=C4OC5=C(C(=C(C=C35)F)OS(=O)(=O)C(F)(F)F)F)F)OS(=O)(=O)C(F)(F)F)F,0
C1CC1C(=O)NC2=CC=CC(=C2)NC3=NC=CC(=N3)NC4=CC=CC(=C4)C(F)(F)F,0
C[C@H]1[C@@H]([C@H]([C@H]([C@@H](O1)O[C@@H]2[C@@H]([C@H]([C@@H](O[C@H]2OC3=C(OC4=C(C(=CC(=C4C3=O)O)O)CC=C(C)C)C5=CC=C(C=C5)OC)C)O)O)O)O)O,0
C[C@H]1[C@H](C[C@@H](OC1=O)[C@@](C)([C@H]2CC[C@@]3([C@@]2(CC[C@H]4C3=CC(=O)[C@H]5[C@@]4(C[C@@H]([C@@H](C5)O)O)C)C)O)O)[C@@H](C)O,0
COC1=CC(=CC(=C1O)OC)C(=O)OC,0
C1C[C@@H](O[C@@H]1CO)N2C=CC3=C(N=CN=C32)N,0
CNC1=NC(=CS1)C2=NC=C(C(=C2)C(=O)N3CCN(CC3)CC4=CC=C(C=C4)Cl)Cl,0
COC1=C(C2=C(C=C1)C=C3C4=CC(=C(C=C4CCN3C2)OC)OC)OC,0
CC1=C(C(=O)OC2=C1C=CC(=C2)OP(=O)(OCCCl)OCCCl)Cl,0
CC1=CSC(=N1)NC(=O)C(=C2SCS2)C(=O)OC(C)C,0
COC(=O)[C@@H]1[C@H]([C@@H]([C@H]([C@@H](O1)OC2=C(C(=C3C(=C2)OC(=CC3=O)C4=CC=C(C=C4)O)O)O)O)O)O,0
CCCSC1=CC2=C(C=C1)N=C(N2)N,0
CCCCCCN(CCOC1=CC=C(C=C1)CCCCN=C(N)NC(=O)C2=C(N=C(C(=N2)Cl)N)N)C[C@@H]([C@H]([C@@H]([C@@H](CO)O)O)O)O,0
COC(=O)C1=COC(C(C1CC(=O)OCCC2=CC(=C(C=C2)O)O)C=C)OC3C(C(C(C(O3)CO)O)O)O,0
CC1=CC(=O)OC2=C1C=CC(=C2)O[C@@H]3[C@@H]([C@H]([C@H]([C@H](O3)CO)O)O)O,0
[Li+].CCCCCCCCCCCCOS(=O)(=O)[O-],0
CCC1=CC(=C(N=C1)C2=NC(C(=O)N2)(C)C(C)C)C(=O)O,0
COC1=CC=C(C=C1)C2=COC3=C(C2=O)C=CC(=C3)O[C@H]4[C@@H]([C@H]([C@@H]([C@H](O4)CO)O)O)O[C@H]5[C@@H]([C@](CO5)(CO)O)O,0
CC(C)C(=O)COC1=C2C=CC(=O)OC2=CC3=C1C=CO3,0
CC1=C(SC2=NC3=NC(=NC=C3CN12)C)CCO,0
C([N+](=O)[O-])(Br)(Br)Br,0
CC(C)C1=CC=CC(=O)C=C1,0
CCC(C1=CC(=NC2=C1C(=C(S2)C(=O)N)N)N3CCC(CC3)S(=O)(=O)C)(F)F,0
COC(=O)C1=CC=CC=C1C(=O)OC,0
CC1=CC(=C(N1C2=CC(=CC=C2)[N+](=O)[O-])C)/C=N/NC(=O)C3=CC(=C(C(=C3)Br)O)Br,0
CN1CCC2=CC(=C3C=C2[C@@H]1CC4=CC=C(C=C4)OC5=C(C=CC(=C5)C[C@H]6C7=C(CCN6C)C(=C(C(=C7O3)OC)OC)OC)OC)OC,0
C([C@@H](CO)O)C(=O)O,0
C[C@H](CC[C@H](C(C)(C)O)O[C@H]1[C@@H]([C@H]([C@@H]([C@H](O1)CO)O)O)O[C@H]2[C@@H]([C@H]([C@@H]([C@H](O2)CO)O)O)O)[C@H]3CC[C@@]4([C@@]3(C[C@H]([C@@]5([C@H]4CC=C6[C@H]5CC[C@@H](C6(C)C)O)C)O)C)C,0
C1=CC=NC(=C1)CN(CCNC2=CC(=C(C=C2)C3=C4C=CC(=O)C=C4OC5=C3C=CC(=C5)O)C(=O)O)CC6=CC=CC=N6,0
CC(=CCC[C@@](C)([C@H]1CC[C@@]2([C@@H]1[C@@H](C[C@H]3[C@]2(CC[C@@H]4[C@@]3(CC[C@@H](C4(C)C)O[C@H]5[C@@H]([C@H]([C@@H]([C@H](O5)CO)O)O)O)C)C)O)C)O[C@H]6[C@@H]([C@H]([C@@H]([C@H](O6)CO[C@H]7[C@@H]([C@H]([C@@H](CO7)O)O)O)O)O)O)C,0
C/C(=C/CC[C@@]1(CC[C@@]2([C@@H]([C@H]1O)CC[C@H]3[C@]2(CC[C@@H]4[C@@]3(CC[C@@H]([C@@]4(C)CO[C@H]5[C@@H]([C@H]([C@@H]([C@H](O5)CO)O)O)O)O[C@H]6[C@@H]([C@H]([C@@H]([C@H](O6)CO)O)O)O[C@H]7[C@@H]([C@H]([C@@H]([C@H](O7)CO)O)O)O)C)C)C)CO)/CO,0
C[C@H]1[C@@H]([C@H]([C@H]([C@@H](O1)O[C@@H]2[C@H]([C@H](CO[C@H]2O[C@H]3CC[C@]4([C@H]([C@]3(C)CO)CC[C@@]5([C@@H]4CC=C6[C@]5(CC[C@@]7([C@H]6CC(CC7)(C)C)C(=O)O[C@H]8[C@@H]([C@H]([C@@H]([C@H](O8)CO[C@H]9[C@@H]([C@H]([C@@H]([C@H](O9)CO)O)O)O)O)O)O)C)C)C)O)O)O)O[C@H]1[C@@H]([C@H]([C@@H]([C@H](O1)CO)O[C@H]1[C@@H]([C@H]([C@@H]([C@H](O1)CO)O)O)O)O)O)O,0
CCC1=C(C2=CC3=C(C(=C(N3)C=C4[C@H]([C@@H](C(=N4)C(=C5C(=C(C(=N5)C=C1N2)C)C(=O)[O-])CC(=O)N[C@@H](CC(=O)[O-])C(=O)[O-])CCC(=O)[O-])C)C)C=C)C.[Na+].[Na+].[Na+].[Na+],0
CC[C@H](C)[C@@H](C(=O)N[C@@H](CC1=CC=CC=C1)C(=O)N[C@@H]([C@@H](C)O)C(=O)N[C@@H](CC2=CC=C(C=C2)O)C(=O)NCC(=O)N[C@@H](CCC(=O)O)C(=O)N[C@@H](CC(C)C)C(=O)N[C@@H](CCC(=O)N)C(=O)N[C@@H](CCCNC(=N)N)C(=O)N[C@@H](CCSC)C(=O)N[C@@H](CCC(=O)N)C(=O)N[C@@H](CCC(=O)O)C(=O)N[C@@H](CCCCN)C(=O)N[C@@H](CCC(=O)O)C(=O)N[C@@H](CCCNC(=N)N)C(=O)N[C@@H](CC(=O)N)C(=O)N[C@@H](CCCCN)C(=O)NCC(=O)N[C@@H](CCC(=O)N)C(=O)O)NC(=O)[C@@H]3CCCN3C(=O)[C@H](C(C)C)NC(=O)[C@H](CC4=CC=CC=C4)N,0
C(=C(Br)Br)C(=O)O,0
C[C@@]12[C@H]3[C@@H](OC=C([C@]3([C@@H]([C@@H]1O2)O)O)C(=O)OC)O[C@H]4[C@@H]([C@H]([C@@H]([C@H](O4)CO)O)O)O,0
CCCC[C@@H](C(=O)N[C@@H](CCC(=O)O)C(=O)N[C@@H](CC1=CNC=N1)C(=O)N[C@H](CC2=CC=CC=C2)C(=O)N[C@@H](CCCNC(=N)N)C(=O)N[C@@H](CC3=CNC4=CC=CC=C43)C(=O)NCC(=O)N[C@@H](CCCCN)C(=O)N5CCC[C@H]5C(=O)N[C@@H](C(C)C)C(=O)N)NC(=O)[C@H](CO)NC(=O)[C@H](CC6=CC=C(C=C6)O)NC(=O)[C@H](CO)NC(=O)C,0
COC1=CC(=CC2=C1C(=O)C[C@H](O2)C3=CC=CC=C3)O[C@H]4[C@@H]([C@H]([C@@H]([C@H](O4)CO)O)O)O,0
CC(=O)OC1=C(C=C(C=C1)C=O)OC,0
C(=O)C(Cl)(Cl)Br,0
C/C=C(/C)\C(=O)O[C@H]1CCN2[C@@H]1C(=CC2)COC(=O)[C@]([C@H](C)O)(C(C)(C)O)O,0
COC1=CC=C(C=C1)C(C2=CC=CC=C2)(C3=CC=C(C=C3)OC)OC[C@@H]4[C@H](C[C@@H](O4)N5C=NC6=C5N=CNC6=O)O,0
C1=CC(=C(C=C1C[C@@H](C(=O)O)N)C2=C(C=CC(=C2)C[C@@H](C(=O)O)N)O)O,0
C(C(C(=O)NCC(=O)O)N)S.C(=O)(C(F)(F)F)O,0
CCCCC(C)CCC(=O)O,0
C1=CC(=C(C=C1Cl)Cl)OCC(=O)O,0
C[C@@H]1[C@@H]([C@@H]([C@H]([C@@H](O1)O[C@@H]2[C@H](O[C@H](C[C@@H]2OC)O[C@@H]3[C@H](O[C@H](C[C@@H]3OC)O[C@@H]4[C@H](O[C@H](C[C@@H]4OC)O[C@@H]5[C@H](OC(=O)C[C@H]5OC)C)C)C)C)OC(=O)C)OC)O,0
CC(=CCC[C@H]([C@H]1[C@@H](C[C@@]2([C@@]1(CC=C3C2=CC[C@@H]4[C@@]3(CC[C@@H](C4(C)C)O)C)C)C)O)C(=O)O)C,0
CC(=O)NCCCCNCCCN.Cl.Cl,0
C1=CC=C(C=C1)C(=O)NCCC(=O)O,0
C1=CC=C2C(=C1)C(=CN2)C(C(=O)O)N,0
C(CCC(O)(P(=O)(O)O)P(=O)(O)O)CCN,0
COC1=CC(=CC(=C1O)OC)C2=[O+]C3=CC(=CC(=C3C=C2O)O)O.[Cl-],0
CCOC(=O)C1=C(NC(=C(C1C2=CC=CC=C2/C=C/C(=O)OC(C)(C)C)C(=O)OCC)CN(C)C)C.Cl,0
C1=CC=NC(=C1)NNC(=O)/C=C\N2C=NC(=N2)C3=CC(=CC(=C3)C(F)(F)F)C(F)(F)F,0
CN(C)C1=NC2=C(C(=O)N1)N=CN2[C@H]3[C@@H]([C@@H]([C@H](O3)CO)O)O,0
COC1=CC(=CC(=C1OC)OC)C[C@@H]2[C@H](COC2=O)CC3=CC4=C(C=C3)OCO4,0
CC(C)C(C(=O)NC(C(C)C)C(=O)NC(CC1=CC=C(C=C1)O)C(=O)N2CCCC2C(=O)NC(CC3=CNC4=CC=CC=C43)C(=O)NC(C(C)O)C(=O)NC(CCC(=O)O)C(=O)O)N,0
CC[C@H](C)[C@@H](C(=O)N[C@@H](C(C)C)C(=O)N[C@@H](CCCCN)C(=O)N[C@@H](C)C(=O)NCC(=O)N1CCC[C@H]1C(=O)N[C@@H](C)C(=O)N[C@@H]([C@@H](C)CC)C(=O)N[C@@H](C)C(=O)N[C@@H](C(C)C)C(=O)N[C@@H](CC(C)C)C(=O)NCC(=O)N[C@@H](CCC(=O)O)C(=O)N[C@@H](C)C(=O)N[C@@H](CCCCN)C(=O)N[C@@H](C)C(=O)N[C@@H](CC(C)C)C(=O)N)NC(=O)CNC(=O)[C@H](CC(=O)N)NC(=O)[C@H](CCCNC(=N)N)NC(=O)[C@H]([C@@H](C)CC)NC(=O)[C@H](CC(=O)N)NC(=O)[C@H](CCCNC(=N)N)NC(=O)CNC(=O)[C@H](CCSC)NC(=O)[C@H](CCCCN)NC(=O)[C@H](CCC(=O)O)NC(=O)[C@H]([C@@H](C)CC)NC(=O)[C@H](CCCCN)NC(=O)[C@H](CCCCN)NC(=O)[C@H](CC2=CC=CC=C2)NC(=O)[C@H](C(C)C)NC(=O)[C@H](CCCCN)NC(=O)[C@H](CC3=CNC4=CC=CC=C43)NC(=O)[C@H](CCCCN)N,0
C1C[C@H]([C@@H]([C@H](C1)N2C3=CC=CC=C3OC4=CC=CC=C42)O)NS(=O)(=O)C5=CC=C(C=C5)OC(F)(F)F,0
CNC(=O)C1=[N+](C=CC(=C1)OC2=CC(=C(C=C2)NC(=O)NC3=CC(=C(C=C3)Cl)C(F)(F)F)F)[O-],0
CCN(C1CCOCC1)C2=CC(=CC(=C2C)C(=O)NCC3=C(C=C(NC3=O)C)C)C4=CC=C(C=C4)CN5CCOCC5.Br,0
CC(=O)C1=CC2=C(O1)C(=O)C3=CC=CC=C3C2=O,0
CC(=O)O[C@H]1CC[C@@H]2[C@H]3CC[C@]4([C@H]([C@@H]3CCC2=C1)CC[C@]4(C#C)OC(=O)C)C,0
C1CCN(CC1)CCOC2=CC=C(C=C2)C(=O)C3=C(SC4=C3C=CC(=C4)O)C5=CC=C(C=C5)O[C@H]6[C@@H]([C@H]([C@@H]([C@H](O6)C(=O)O)O)O)O,0
C[C@](CN1C=C(C=N1)F)(C(=O)NC2=CC(=C(C=C2)C#N)C(F)(F)F)O,0
[2H]C([2H])(C(C1CCC2=C(O1)C=CC(=C2)F)O)NC([2H])([2H])C(C3CCC4=C(O3)C=CC(=C4)F)O,0
CCCC1=NN(C2=C1N=C(NC2=O)C3=C(C=CC(=C3)S(=O)(=O)N4CCN(CC4)CCOC(=O)OCCN5CCN(CC5)S(=O)(=O)C6=CC(=C(C=C6)OCC)C7=NC8=C(C(=O)N7)N(N=C8CCC)C)OCC)C,0
C1CCC(C1)NC(=O)OC2=CC(=CC(=C2)C3=CC=CC=C3)C4=CC=CC=C4,0
[2H]C([2H])([2H])C([2H])(C([2H])([2H])[2H])NCC(COC1=CC=C(C=C1)CCC(=O)OC)O.Cl,0
CCNC(=O)[C@@H]1CCCN1C(=O)[C@H](CCCN=C(N)N)NC(=O)[C@H](CC(C)C)NC(=O)[C@@H](CC(C)C)NC(=O)[C@H](CC2=CC=C(C=C2)O)NC(=O)[C@H](CO)NC(=O)[C@H](CC3=CNC4=CC=CC=C43)NC(=O)[C@H](CC5=CN=CN5)NC(=O)[C@@H]6CCC(=O)N6.CC(=O)O,0
CC(=O)[C@]1(CC[C@@H]2[C@@]1(C[C@@H](C3=C4CCC(=O)C=C4CC[C@@H]23)C5=CC=C(C=C5)N(C)C)C)OC(=O)C,0
CC(C)(C(=O)N[C@H](COCC1=CC=CC=C1)C(=O)N2CCC3(CC2)CN(C4=CC=CC=C34)S(=O)(=O)C)N.CS(=O)(=O)O,0
C=CCN1CCN(CC1)C(C2=CC=CC=C2)C3=CC=CC=C3,0
CC1=CC=CC=C1C2=CC(=NC=C2C(=O)N(C)CC3=CC(=CC(=C3)C(F)(F)F)C(F)(F)F)N4CCN(CC4)C,0
CC(C)NCC(C1=CC(=CC(=C1)O)O)O.CC(C)NCC(C1=CC(=CC(=C1)O)O)O.OS(=O)(=O)O,0
CCCCCCCCCCCCC/C=C/[C@H]([C@H](CO)NC(=O)C)O,0
[2H]C1(C(N=C(N1)NC2=C(C3=NC=CN=C3C=C2)Br)([2H])[2H])[2H].[C@H]([C@@H](C(=O)O)O)(C(=O)O)O,0
CC[C@H](C)[C@@H](C(=O)N)NC(=O)[C@H]([C@@H](C)O)NC(=O)[C@H](CC(=O)O)NC(=O)[C@H](CC(C)C)NC(=O)[C@H](CC(C)C)NC(=O)[C@H](CC(C)C)NC(=O)[C@H](CCCNC(=N)N)NC(=O)[C@H](CC(=O)N)NC(=O)[C@H](CC(=O)N)NC(=O)[C@H](C)NC(=O)[C@H](C)NC(=O)[C@H](CCC(=O)N)NC(=O)[C@H](CCC(=O)N)NC(=O)[C@H](CCCCN)NC(=O)[C@H](CCC(=O)O)NC(=O)[C@H](CCCCN)NC(=O)[C@H](CCC(=O)O)NC(=O)[C@H](CCC(=O)N)NC(=O)[C@H](CCCCN)NC(=O)[C@H](CCC(=O)O)NC(=O)[C@H]([C@@H](C)CC)NC(=O)[C@H](CCC(=O)O)NC(=O)[C@H]([C@@H](C)CC)NC(=O)[C@H](CCSC)NC(=O)[C@H](CCCCN)NC(=O)[C@H](CCCNC(=N)N)NC(=O)[C@H](CC(C)C)NC(=O)[C@H](CC(C)C)NC(=O)[C@H](CCC(=O)O)NC(=O)[C@H](CC(C)C)NC(=O)[C@H](CO)NC(=O)[C@H](CC(C)C)NC(=O)[C@H](CC(=O)O)NC(=O)[C@H]([C@@H](C)CC)NC(=O)[C@H](CO)NC(=O)[C@H]([C@@H](C)CC)NC(=O)[C@@H]1CCCN1C(=O)[C@@H]2CCCN2C(=O)CNC(=O)[C@@H]3CCC(=O)N3,0
CC[C@H](C1=CC=C(C=C1)O)[C@@H](CC)C2=CC=C(C=C2)O,0
CC[C@H](C)[C@H]1C(=O)N[C@H](C(=O)N[C@H](C(=O)N[C@@H](CSSC[C@@H](C(=O)N[C@H](C(=O)N1)CC2=CC=C(C=C2)O)NC(=O)C)C(=O)N3CCC[C@H]3C(=O)N[C@@H](CC(C)C)C(=O)NCC(=O)N)CC(=O)N)CCC(=O)N,0
C1[C@H](CN2[C@@H]1C(=O)N[C@H](C(=O)N[C@@H](C(=O)N[C@H](C(=O)N[C@H](C(=O)N[C@H](C2=O)CC3=CC=CC=C3)CC4=CC=C(C=C4)OCC5=CC=CC=C5)CCCCN)CC6=CNC7=CC=CC=C76)C8=CC=CC=C8)OC(=O)NCCN,0
CCCN(CCC)C(=O)C(CCC(=O)[O-])NC(=O)C1=CC=CC=C1.[Na+],0
[2H]C1=C(C(=C(C(=C1[2H])[2H])CCN2CCC3(CC2)CNC(=O)O3)[2H])[2H].Cl,0
[2H]C([2H])([2H])N(C/C=C/C1=CC=CC=C1)CC2=CC=CC3=CC=CC=C32.Cl,0
C1CN(CCN1)C2=C3C=CC(=CC3=NC=C2)Cl,0
CC1=CC(=NC(=N1)NS(=O)(=O)C2=CC=C(C=C2)N)C,0
[2H]C1=C(C(=C(C(=C1N)[2H])[2H])S(=O)(=O)NC2=NC=CS2)[2H],0
CON(CC1=CC=C(C=C1)F)C(=O)/C=C(/C(=O)O)\O,0
C1CN(CCC1C2=NC(=CS2)C(=O)NC3=NC4=C(N3)C=C(C=C4)C(=O)C5=CC=CC=C5)C6=NC=NC7=C6SC=C7,0
CC1=NN(C=N1)C2=NC=C(C3=C2N(C=C3C(=O)C(=O)N4CCN(CC4)C(=O)C5=CC=CC=C5)COP(=O)(O)O)OC,0
CC(C)CCCCCCCCC/C=C/C(=O)N[C@@H]1[C@H]([C@H]([C@H](O[C@H]1O[C@@H]2[C@@H]([C@H]([C@@H]([C@H](O2)CO)O)O)NC(=O)C)C[C@H]([C@@H]3[C@H]([C@H]([C@@H](O3)N4C=CC(=O)NC4=O)O)O)O)O)O,0
CC1/C=C\C=C/CC/C=C\C(=O)OC1/C(=C\C(C)C(=O)CC(CC2CC(=O)NC(=O)C2)O)/C,0
CC[C@]1(C[C@@H](C2=C(C3=C(C=C2[C@H]1C(=O)OC)C(=O)C4=C(C=CC(=C4C3=O)O)O)O)O[C@H]5C[C@@H]([C@@H]([C@@H](O5)C)O[C@H]6C[C@H]7[C@@H]([C@@H](O6)C)O[C@H]8[C@@H](O7)CC(=O)[C@@H](O8)C)N(C)C)O,0
CCOCC1=NC2=C(N1CC(C)(C)NS(=O)(=O)C)C3=CC=CC=C3N=C2N,0
CCN(CC)CCO[C@H]1CC[C@@]2([C@H]3CC[C@]4([C@H]([C@@H]3CC=C2C1)CCC4=O)C)C.Cl,0
COC1=C(C=CC(=C1)C[C@H]2CO[C@@H]([C@H]2CO)C3=CC(=C(C=C3)O[C@H]4[C@@H]([C@H]([C@@H]([C@H](O4)CO)O)O)O)OC)O[C@H]5[C@@H]([C@H]([C@@H]([C@H](O5)CO)O)O)O,0
COC1=CC(=CC(=C1Br)OC)CC2=CN=C(N=C2N)N,0
C1=C(C(=O)NC(=O)N1[C@H]2[C@@H]([C@@H]([C@H](O2)CO)O)O)N,0
C[C@@H]1[C@@H]([C@@H]([C@H]([C@@H](O1)OC(=O)[C@@]23CC[C@@]4(C(=CC[C@H]5[C@]4(CC[C@@H]6[C@@]5(C[C@@H]([C@@H]([C@@]6(C)C(=O)O)O[C@H]7[C@@H]([C@H]([C@@H]([C@H](O7)CO)O)O)O)O)C)C)[C@@H]2CC(CC3)(C)C)CO)O[C@H]8[C@@H]([C@@H]([C@H]([C@@H](O8)C)O[C@H]9[C@@H]([C@H]([C@@H](CO9)O)O[C@H]1[C@@H]([C@H]([C@H](CO1)O)O)O)O)O[C@H]1[C@@H]([C@](CO1)(CO)O)O)O)O)OC(=O)/C=C/C1=CC(=C(C(=C1)OC)OC)OC,0
CN(C/C=C/C1=CC=CC=C1)CC2=CC=CC3=CC=CC=C32.Cl,0
C1N(CSC(=S)N1CC2=CC=CC=C2)CC3=CC=CC=C3,0
C[C@@]12C[C@@H]3[C@H](C[C@H]1C(=C)[C@H](C[C@H]2O)O)C(=C)C(=O)O3,0
CCCCCOC1=CC=C(C=C1)C2=CC=C(C=C2)C3=CC=C(C=C3)C(=O)N[C@H]4C[C@H]([C@H](NC(=O)[C@@H]5[C@H]([C@H](CN5C(=O)[C@@H](NC(=O)C(NC(=O)[C@@H]6C[C@H](CN6C(=O)[C@@H](NC4=O)[C@@H](C)O)O)[C@@H]([C@H](C7=CC=C(C=C7)O)O)O)[C@@H](C)O)C)O)OCC[N+](C)(C)C)O.CC(=O)[O-],0
CC(=O)NCCC1=CC=C(C=C1)O,0
CCC1=C(C(=NC(=N1)N)N)C2=CC=C(C=C2)Cl,0
CCCCCOC1=CC=CC=C1/C(=C\SC)/N2C=CN=C2,0
CCCCCC1=C(C(=CC=C1)O)C2=N[C@H](CS2)[C@H]3N([C@@H](CS3)[C@H](C(C)(C)C(=O)O)O)C,0
C[C@H](CN1C=NC2=C(N=CN=C21)N)OC[P@@](=O)(N[C@@H](C)C(=O)OC(C)C)OC3=CC=CC=C3.C[C@H](CN1C=NC2=C(N=CN=C21)N)OC[P@@](=O)(N[C@@H](C)C(=O)OC(C)C)OC3=CC=CC=C3.C(=C/C(=O)O)\C(=O)O,0
COCCCCCCCCCN1C[C@@H]([C@H]([C@@H]([C@H]1CO)O)O)O,0
CC(C)NC1=NC2=CC(=C(C=C2N1[C@@H]3[C@H]([C@H]([C@@H](O3)CO)O)O)Cl)Cl,0
C[C@]1([C@@H]([C@H](O[C@H]1N2C=CC(=NC2=O)N)CO)O)O,0
CC(C)OC1=CC=C(C=C1)N2C=NC3=C2C=CC(=C3)/C=C\C4=CC=C(C=C4)C(C)(C)O,0
C1=CC=C2C(=C1)C(=CN2)C[C@@H](C(=O)O)NC(=O)CC[C@H](C(=O)O)N,0
CN1C=C(C=C1C(=O)NC2=CN(C(=C2)C(=O)NCCN3CCOCC3)C)NC(=O)C4=CC=C(C=C4)/C=C/C5=CC6=CC=CC=C6N=C5,0
C1=NC2=C(N1COCCO)N=C(NC2=O)N,0
C[C@@H](C1=NC(=CS1)C2=CC=C(C=C2)C#N)[C@](CN3C=NC=N3)(C4=C(C=C(C=C4)F)F)OCOP(=O)(O)O,0
C[C@@H]1CCCC(=O)/C=C/C(=O)O[C@]23[C@@H](/C=C/C1)[C@@H](C(=C)[C@H]([C@H]2[C@@H](NC3=O)CC4=CC=CC=C4)C)O,0
CC1=NC=C(C=C1)[C@]23CN4C=CC=C4C(=O)N2CCN3C(=O)C5=CON=C5C,0
CC[C@H](C)[C@@H](C(=O)O[C@@H](CC(C)C)C(=O)N[C@@H](CC(C)C)C(=O)N[C@@H](C)/C=C/C(=O)N1[C@H](C(=CC1=O)OC)C)N(C)C,0
CCC1=CC=CC=C1NC(=O)CSC(=O)NNC(=O)[C@H](CC2=CNC3=CC=CC=C32)NC(=O)OC(C)(C)C,0
COC1=CC=C(C=C1)C2=C(C(=O)C3=C(C=C(C=C3O2)O)O)OC,0
COC1=C(C=C(C=C1)C2=C(C(=O)C3=C(C(=C(C=C3O2)OC)OC)O)OC)OC,0
C1=CC=C2C(=C1)NC(=N2)C3=CSC=N3,0
C[C@H]1[C@H]2C=C[C@@]3(CO3)[C@](O2)(O[C@@H]1[C@H](C)/C=C(\C)/C=C/C(=C\4/C(=O)[C@@H](N(C4=O)[C@@H]5CC[C@@H]([C@@H](O5)C)O)[C@H](C)C(=O)NC)/O)C,0
COC1=CC=CC=C1NC(=O)C2=CC=CC=C2SC3=CC=C(C=C3)[N+](=O)[O-],0
CN1C(=CN=C1COC(=O)N)[N+](=O)[O-],0
COC1=C(C=CC(=C1)F)C2=CC(=NC=C2F)NC3=NC=CC(=C3)CS(=N)(=O)C,0
CC(=O)C1=C(C(=C(C(C1=O)(C)C)O)CC2=C(C(C(=O)C(=C2O)C(=O)C)(C)C)O)O,0
C1=CC=C(C=C1)C2=NN=C(O2)NC(=O)COC(=O)CC3=COC4=C3C5=CC=CC=C5C=C4,0
CC1=NC(=C(S1)C(=O)NC2=C(C=C(C=C2Br)OC(F)(F)F)Br)C(F)(F)F,0
C1=CC(=CC=C1C(C2=CC=C(C=C2)N)C3=CC=C(C=C3)N)N,0
COC1=C(C(=C2C(=C1)OC(=CC2=O)C3=CC=CC=C3)O)OC,0
C[C@]12CC[C@@H](C([C@@H]1CC[C@@]3([C@@H]2CC=C4[C@]3(CC[C@@]5([C@H]4CC(CC5)(C)C)C(=O)O[C@H]6[C@@H]([C@H]([C@@H]([C@H](O6)CO)O)O)O)C)C)(C)C)O[C@H]7[C@@H]([C@H]([C@H](CO7)O)O[C@H]8[C@@H]([C@H]([C@H]([C@H](O8)CO)O)O)O)O,0
CCCCC1=CC2=C(C=C1)N=C(N2)NC(=O)OC,0
C[C@@H]1CN2[C@H]([C@@H](O1)C)C3(CC4=CC5=C(C(=C42)F)ON=C5N6[C@H](COC6=O)C)C(=O)NC(=O)NC3=O,0
CC[C@]1(CC[C@@H](O1)[C@@]2(CC[C@@]3(O2)C[C@@H]([C@H]([C@H](O3)[C@@H](C)[C@H]([C@H](C)C(=O)O)OC)C)O)C)[C@H]4[C@H](C[C@@H](O4)[C@@H]5[C@H](C[C@H]([C@@](O5)(CO)O)C)C)C,0
CC1=C(C=C(C=C1)N2C(=O)C=CC3=CN=C4C=CC(=CC4=C32)C5=CNN=C5)NC(=O)C=C,0
CC(=CCOC1=CC(=C(C=C1)/C=C/C(=O)C2=CC=C(C=C2)O)OC)C,0
C1=CC(=CC=C1C2=CC(=O)C3=C(O2)C=C(C(=C3O)[C@H]4[C@@H]([C@H]([C@@H]([C@H](O4)CO)O)O)O[C@H]5[C@@H]([C@H]([C@@H]([C@H](O5)CO)O)O)O)O)O,0
CC(C)C(=O)NC1=NC(=O)N(C=C1)[C@H]2C[C@@H]([C@H](O2)COC(C3=CC=CC=C3)(C4=CC=C(C=C4)OC)C5=CC=C(C=C5)OC)OP(N(C(C)C)C(C)C)OCCC#N,0
C1=CC(=CC=C1C(=O)C[N+]2=CN(C=C2)CC(C3=C(C=C(C=C3)Cl)Cl)OCC4=C(C=C(C=C4)Cl)Cl)F.[Cl-],0
CO/N=C(/C1=CSC(=N1)N)\C(=O)N[C@H]2[C@@H]3N(C2=O)C(=C(CS3)C[N+]4=CC=CC5=C4CCCC5)C(=O)[O-].OS(=O)(=O)O,0
CC1=C(C(N=C(N1)C2=C(C=C(C=N2)F)F)C3=C(C=C(C=C3)F)Cl)C(=O)OC,0
CC(=O)O[C@H]1CCC([C@]2([C@]1([C@H]3CC4=C(C=CO4)[C@@H]5[C@@H]3[C@H](C2)OC5=O)C)O)(C)C,0
CC(=O)NC[C@H]1CN(C(=O)O1)C2=CC=C(C=C2)S(=O)C,0
CC1(N=C(N=C(N1C2=CC=C(C=C2)Cl)N)N)C.Cl,0
CC1(CC1)S(=O)(=O)NC(=O)[C@]2(C[C@H]2C(F)F)NC(=O)[C@@H]3C[C@@H]4CN3C(=O)[C@@H](NC(=O)O[C@@H]5CCC[C@H]5OC/C=C/C(C6=NC7=CC=CC=C7N=C6O4)(F)F)C(C)(C)C,0
CCCC[C@](C)(CO)NC1=NC(=NC2=C1N=CC(=C2)F)N,0
CC(C)(C)C1=CC(=CC(=C1OC)/C=C/C2=CC=C(C=C2)NS(=O)(=O)C)N3C=CC(=O)[N-]C3=O.O.O.O.[K+],0
C[N+]1(CCCC1)CC2=C(N3[C@@H]([C@@H](C3=O)N)SC2)C(=O)[O-],0
CCCN1C[C@@H]([C@H]([C@]([C@H](OC(=O)[C@@H]([C@H]([C@@H]([C@H]([C@](C[C@H]1C)(C)O)O[C@H]2[C@@H]([C@H](C[C@H](O2)C)N(C)C)O)C)O[C@H]3C[C@@]([C@H]([C@@H](O3)C)O)(C)OC)C)CC)(C)O)O)C,0
B(C1=CC=CC=C1)(C2=CC=CC=C2)OCCN,0
C1C=C(N2[C@H](S1)[C@@H](C2=O)NC(=O)/C(=C\CC(=O)O)/C3=CSC(=N3)N)C(=O)O.O.O,0
CC(C)C[C@@H](C(=O)N[C@@H](CCCN=C(N)N)C(=O)N[C@@H](CCC(=O)N)C(=O)N[C@@H](CO)C(=O)N[C@@H](CCC(=O)N)C(=O)N[C@@H](CC1=CC=CC=C1)C(=O)N[C@@H](C(C)C)C(=O)NCC(=O)N[C@@H](CO)C(=O)N[C@@H](CCCN=C(N)N)C(=O)N)N,0
CCN1C=C(C(=O)C2=CC(=C(C=C21)N3CCNCC3)F)C(=O)O,0
CC[C@H](C)[C@@H](C(=O)N[C@@H](CC(C)C)C(=O)N1CCC[C@H]1C(=O)N[C@@H](CC2=CNC3=CC=CC=C32)C(=O)N[C@@H](CCCCN)C(=O)N[C@@H](CC4=CNC5=CC=CC=C54)C(=O)N6CCC[C@H]6C(=O)N[C@@H](CC7=CNC8=CC=CC=C87)C(=O)N[C@@H](CC9=CNC1=CC=CC=C19)C(=O)N1CCC[C@H]1C(=O)N[C@@H](CC1=CNC2=CC=CC=C21)C(=O)N[C@@H](CCCNC(=N)N)C(=O)N[C@@H](CCCNC(=N)N)C(=O)N)N,0
CC1=CC(=CC(=C1NC2=NC(=NC=C2)NC3=CC=C(C=C3)C#N)C)/C=C/C#N,0
C1[C@@H]([C@H](O[C@H]1N2C=C(C(=O)NC2=O)I)CO)O,0
CSCC1CN(C(=O)O1)/N=C/C2=CC=C(O2)[N+](=O)[O-],0
COC(=O)NC1=NC2=C(N1)C=C(C=C2)C(=O)C3=CC=C(C=C3)F,0
C1[C@H]([C@@H]2[C@@H](C(=O)N1)N=C(N2)N[C@H]3[C@@H]([C@@H]([C@H]([C@H](O3)CO)OC(=O)N)O)NC(=O)C[C@H](CCCN)N)O.OS(=O)(=O)O,0
C([C@@H]1[C@H]([C@@H]([C@H]([C@H](O1)O[C@H]2[C@@H]([C@H](O[C@@]2(CO)O[C@@H]3[C@@H]([C@H]([C@@H]([C@H](O3)CO)O)O)O)CO)O)O)O)O)O,0
C#CCOCCOCCOCC#C,0
COC1=C(C=C(C=C1)C2C3COC(C3CO2)C4=CC(=C(C(=C4)OC)OC)OC)OC,0
CCC(C)CCCC/C=C/C=C/C(=O)NC(CC(=O)O)C(=O)NC1C(OC(=O)C(NC(=O)C(NC(=O)C(NC(=O)NC(=O)C(NC(=O)C(NC(=O)C(NC(=O)C(NC(=O)C(NC(=O)C(NC(=O)C(NC(=O)C(NC(=O)C(NC(=O)N(C(=O)C(NC1=O)C2=CC=C(C=C2)O)CCCCN)C(C)O)C3=CC=C(C=C3)O)C4=CC=C(C=C4)O)C(C)O)CCCNC(=O)N)CC5CNC(=N5)N)C6=CC=C(C=C6)O)CO)C7=CC(=C(C(=C7)Cl)O)Cl)CC8CNC(=N8)N)C)C9=CC=C(C=C9)O)C.O,0
C1=CN(C(=O)N=C1NO)[C@H]2[C@@H]([C@@H]([C@H](O2)COP(=O)(O)OP(=O)(O)OP(=O)(O)O)O)O,0
C1=CC(=O)C(=C2C(=C1)SS2)C(=O)O,0
C1[C@H](ON=C1Cl)[C@@H](C(=O)O)N.Cl,0
CC(C(=O)NS(=O)(=O)OC[C@@H]1[C@H]([C@H]([C@@H](O1)N2C=NC3=C(N=C(N=C32)Cl)N)O)O)N,0
CN1CCC2=CC(=C(C3=C2[C@H]1CC4=CC=C(C=C4)OC5=C6[C@@H](CC7=CC=C(O3)C=C7)N(CCC6=CC(=C5O)OC)C)O)OC,0
C[C@H]1[C@@H]([C@H]([C@H]([C@@H](O1)O[C@@H]2[C@H]([C@H](CO[C@H]2O[C@H]3CC[C@]4([C@H](C3(C)C)CC[C@@]5([C@@H]4CC=C6[C@]5(CC[C@@]7([C@H]6CC(CC7)(C)C)C(=O)O)C)C)C)O)O)O)O)O,0
C1[C@@H]2[C@H]([C@@H]([C@H]([C@@H](O2)OC(=O)C3=CC(=C(C(=C3)O)O)O)O)OC(=O)C4=CC(=C(C(=C4C5=C(C(=C(C=C5C(=O)O1)O)O)O)O)O)O)O,0
C1=CC=C(C(=C1)C2=NC3=CN(C=CC3=N2)CC4=NN=C(C=C4)C5=C(C=C(C=C5)C(F)(F)F)C(F)(F)F)F,0
C1=CC=C(C=C1)CC(C(=O)O)O,0
CC[C@@H](C)NS(=O)(=O)C1=CC(=C(C=C1)F)C(=O)NC2=CC(=C(C=C2)F)F,0
CCC(C)CC(C)CCCCCCCCC(=O)N[C@H]1C[C@H]([C@H](NC(=O)[C@@H]2[C@H](CCN2C(=O)[C@@H](NC(=O)[C@@H](NC(=O)[C@@H]3C[C@H](CN3C(=O)[C@@H](NC1=O)[C@@H](C)O)O)[C@@H]([C@H](C4=CC=C(C=C4)O)O)O)[C@@H](CC(=O)N)O)O)O)O,0
CC1=CC2=C(C=C1C)N=C3C(=N2)C4=CC=CC=C4N3CCN(C)C,0
C1=CC(=S)N(C=C1)O,0
CC(C)CN(C[C@H]([C@H](CC1=CC=CC=C1)NC(=O)O[C@H]2CCOC2)O)S(=O)(=O)C3=CC=C(C=C3)N,0
CCC(=O)NS(=O)(=O)C1=CC(=C(C=C1)NC(=O)CC2=C(C(=C(C=C2)Br)OC3=CC(=CC(=C3)C#N)Cl)F)Cl,0
C[C@H]1CC2=C([C@]3(N1)C4=C(C=CC(=C4)Cl)NC3=O)NC5=CC(=C(C=C25)F)Cl,0
CC1=C(C=CC(=C1)C(=O)C)O,0
C[C@@H]1CC(=O)[C@]2([C@@H](O1)O[C@@H]3[C@H]([C@@H]([C@@H]([C@@H]([C@H]3O2)NC)O)NC)O)O.Cl.Cl,0
COC1=CC2=C(C=C1)SC(=N2)NC(C3=CC=C(C=C3)OC(F)F)C4=C(C5=C(C=CC=N5)C=C4)O,0
CCCS(=O)(=O)N1CCN(CC1)CC2=CC=C(C=C2)NC(=O)C3=CC=C(C=C3)C4=C(C=CC(=C4)NC(=O)C5CC5)OC(F)(F)F,0
C1CCN2C(C1)C34CC2C=CC3=CC(=O)O4,0
C([C@@H]1[C@H]([C@@H]([C@H]([C@H](O1)O[C@H]2[C@@H]([C@H](O[C@@]2(CO)O[C@@H]3[C@@H]([C@H]([C@@H]([C@H](O3)CO)O)O)O)CO)O)O)O)O)O.O,0
CC1([C@@H](N2[C@H](S1)[C@@H](C2=O)NC(=O)[C@@H](C3=CC=CC=C3)NC(=O)C(C)(C)OC4=CC=C(C=C4)Cl)C(=O)O)C,0
CS(=O)C,0
C[C@]1([C@@H]([C@H](O[C@H]1N2C=CC(=O)NC2=O)COP(=O)([O-])OP(=O)([O-])OP(=O)([O-])[O-])O)F.[Na+].[Na+].[Na+].[Na+],0
CC(=CCC/C(=C/CC/C(=C/CO)/C)/C)C,0
C1=CC=C(C=C1)CCCC(=O)O,0
CN(CC1=CC=CC=C1)C(=O)C2CCCN(C2)CC3=CC=C(C=C3)C(F)(F)F,0
C/C=C/C1=CC2=C(C(=C1)OC)O[C@@H]([C@H]2C)C3=CC(=C(C=C3)O)OC,0
C1C(=O)N[C@@H](C(=O)N[C@H](C(=O)N[C@H](C(=O)N[C@H](C(=O)N1)CC2=CC3=CC=CC=C3C=C2)CCCN=C(N)N)CCCN=C(N)N)CC4=CC=C(C=C4)O,0
CC[C@]1(CC[C@@H](O1)[C@@]2(CC[C@@]3(O2)C[C@@H]([C@H]([C@H](O3)[C@@H](C)[C@H]([C@H](C)C(=O)[O-])OC)C)O)C)[C@H]4[C@H](C[C@@H](O4)[C@@H]5[C@H](C[C@H]([C@@](O5)(CO)O)C)C)C.[Na+],0
CC1=CC=C(C=C1)S(=O)(=O)O.CC(C)(C)CNCC1=CC(=C2C[C@H]3C[C@H]4[C@@H](C(=O)C(=C([C@]4(C(=O)C3=C(C2=C1O)O)O)O)C(=O)N)N(C)C)N(C)C,0
CCC[C@]1(CC(=C(C(=O)O1)[C@H](CC)C2=CC(=CC=C2)NS(=O)(=O)C3=NC=C(C=C3)C(F)(F)F)O)CCC4=CC=CC=C4,0
C1=CC=C(C(=C1)[N+](=O)[O-])SCC(=O)NN,0
CC(C)C1=CC2=C(C=C1)[C@]3(CCC[C@@]([C@@H]3CC2)(C)C(=O)O)C,0
CN(C)[C@H]1[C@@H]2C[C@@H]3CC4=C(C=C(C(=C4C(=C3C(=O)[C@@]2(C(=C(C1=O)C(=O)N)O)O)O)O)NC(=O)CN5CCCC5)F,0
CCCCC(=O)OCC(=O)[C@H]1[C@@H](C[C@@H]2[C@@]1(C[C@@H]([C@]3([C@H]2C[C@@H](C4=CC(=O)C=C[C@@]43C)F)F)O)C)C,0
CC1=C(C(=O)C[C@]2([C@H]1C[C@@H]3[C@]45[C@@H]2[C@H]([C@@H]([C@]([C@@H]4[C@H](C(=O)O3)OC(=O)C)(OC5)C(=O)OC)O)O)C)O,0
COC1=CC2=C(C=C1)N(C(=O)C(O2)O)O,0
CC[C@](C1=C(C(=O)N2CC3=CC4=CC=CC=C4N=C3C2=C1)CO)(C(=O)[O-])O.[Na+],0
C[C@]12CCC(=O)C([C@@H]1CC[C@@]3([C@@H]2CC=C4[C@]3(CC[C@@H]5[C@H]4CC(CC5)(C)C)C)C)(C)C,0
C[C@H](C(=O)OC(C)C)N[P@@](=O)(OC[C@@H]1[C@H]([C@@]([C@@H](O1)N2C=CC(=O)NC2=O)(C)F)O)OC3=CC=CC=C3,0
CCCCOCCOC1=CC=C(C=C1)C2=CC/3=C(C=C2)N(CCC/C(=C3)/C(=O)NC4=CC=C(C=C4)[S@@](=O)CC5=CN=CN5CCC)CC(C)C,0
CCC(CC)O[C@@H]1C=C(C[C@@H]([C@H]1NC(=O)C)N)C(=O)O,0
CCCC[C@@H](C(=O)C(=O)NC1CC1)NC(=O)[C@@H]2[C@@H]3[C@@H](C3(C)C)CN2C(=O)[C@H](C(C)(C)C)NC(=O)NC4(CCCCC4)CS(=O)(=O)C(C)(C)C,0
CC(CCCNCCO)NC1=C2C=CC(=CC2=NC=C1)Cl,0
C1CNC[C@H]1/C=C/C2=CN=CN=C2,0
C1=CC(=C(C=C1NC(=S)NNC(=O)CC#N)Cl)Cl,0
CC(=O)C1=CC=C(C=C1)N2CC(OC2=O)CNC(=O)C,0
CC(=C1CC[C@H]2C(=C1)CC[C@@H]3[C@@]2(CCC[C@@]3(C)C(=O)O)C)C,0
CC1=CC(=O)N(C(=C1)CC(C)CC(C)(C)C)O.C(CO)N,0
CC1([C@@H](N2[C@H](S1)[C@@H](C2=O)N3C(=O)[C@H](NC3(C)C)C4=CC=CC=C4)C(=O)[O-])C.[K+],0
CC(=O)NC1=CC=C(C=C1)OCCOCCOC2=CC=C(C=C2)NC(=O)C,0
C[C@H]1[C@H]([C@@](C[C@@H](O1)O[C@@H]2[C@H]([C@@H]([C@H](O[C@H]2OC3=C4C=C5C=C3OC6=C(C=C(C=C6)[C@H]([C@H](C(=O)N[C@H](C(=O)N[C@H]5C(=O)N[C@@H]7C8=CC(=C(C=C8)O)C9=C(C=C(C=C9O)O)[C@H](NC(=O)[C@H]([C@@H](C1=CC(=C(O4)C=C1)Cl)O)NC7=O)C(=O)O)CC(=O)N)NC(=O)[C@@H](CC(C)C)NC)O)Cl)CO)O)O)(C)N)O.Cl,0
C[C@H]([C@@H](C(=O)N[C@@H](CCCNC(=N)N)C(=O)N[C@@H](CO)C(=O)N[C@@H](CO)C(=O)O)NC(=O)[C@H](CCCCN)NC(=O)[C@H](C)NC(=O)[C@H](CCCCN)NC(=O)[C@H](C)NC(=O)[C@H](CCCNC(=N)N)NC(=O)[C@H](C(C)C)NC(=O)[C@H](CCCCN)NC(=O)CNC(=O)CNC(=O)[C@H](CCC(=O)N)NC(=O)[C@H](CCCCN)NC(=O)CNC(=O)[C@H](CCCNC(=N)N)NC(=O)CNC(=O)[C@H](CCCCN)N)O,0
C1C[C@@H](O[C@@H]1CO)N2C=CC(=NC2=O)N,0
C[C@@H]\1C[C@@H](OC(=O)C[C@@H](NC(=O)[C@H](N(C(=O)[C@@H](NC(=O)[C@H](C/C(=C1)/C)C)C)C)CC2=C(NC3=CC=CC=C32)Br)C4=CC=C(C=C4)O)C,0
[2H]C([2H])([2H])OP(=S)(OC1=NC(=NC(=C1)C)N(CC)CC)OC([2H])([2H])[2H],0
CC1=C(N2C=CN=C(C2=N1)NCC3=CC(=CC=C3)S(=O)(=O)C)C4=CC(=C(C=C4)O)F,0
CN(C)CC1=CNC2=CC=CC=C21,0
C1C[C@H]([C@H](O[C@@H]1CN)O[C@@H]2[C@H](C[C@H]([C@@H]([C@H]2O)O[C@@H]3[C@@H]([C@H]([C@@H]([C@H](O3)CO)O)N)O)N)N)N.OS(=O)(=O)O,0
COC1=C(C=C2C3=C1OC(=O)C4=CC(=C(C(=C43)OC2=O)O)O)O,0
CC[C@H](C)CCCCC(=O)N[C@@H](CCN)C(=O)N[C@@H]([C@@H](C)O)C(=O)N[C@@H](CCN)C(=O)N[C@H]1CCNC(=O)[C@@H](NC(=O)[C@@H](NC(=O)[C@@H](NC(=O)[C@@H](NC(=O)[C@H](NC(=O)[C@@H](NC1=O)CCN)CC2=CC=CC=C2)CC(C)C)CCN)CCN)[C@@H](C)O,0
C[C@@H](C(=O)N[C@@H](C)C(=O)NCC(=O)N[C@@H](CCSC)C(=O)NCC(=O)N[C@@H](CC1=CC=CC=C1)C(=O)N[C@@H](CC2=CC=CC=C2)C(=O)NCC(=O)N[C@@H](C)C(=O)N[C@@H](CCCN=C(N)N)C(=O)N)N,0
COC(=O)N(C1=CC=CC=C1COC2=NN(C=C2)C3=CC=C(C=C3)Cl)OC,0
B1(C2=C(C=CC=C2OCCCO)[C@H](O1)CN)O.Cl,0
C[C@H]1C/C(=C/C=C/[C@@H]([C@H](OC(=O)/C(=C/C(=C/[C@H]([C@H]1O)C)/C)/OC)[C@@H](C)[C@H]([C@H](C)[C@]2(C[C@H]([C@@H]([C@H](O2)C(C)C)C)O)O)O)OC)/C,0
C1=CN(C(=O)N=C1N)[C@H]2[C@H]([C@@H]([C@](O2)(CO)N=[N+]=[N-])O)F,0
CCCCCC(=O)CC(=O)N[C@H]1CCOC1=O,0
CC1=C(C=CC(=C1)O)C(=O)C,0
CC1=NC=C(N1CCOC(=O)C2=CC=CC=C2)[N+](=O)[O-],0
COC1=C(C=CC(=C1)C[C@H]2COC(=O)[C@@H]2CC3=CC(=C(C=C3)O[C@H]4[C@@H]([C@H]([C@@H]([C@H](O4)CO)O)O)O)OC)O,0
CO/C=C(\C1=CC=CC=C1COC2=CC=CC(=N2)C(F)(F)F)/C(=O)OC,0
CCCCCCCCCCOC1=C[N+](=CC=C1)CC(P(=O)(O)O)P(=O)(O)[O-],0
CCC(=O)O[C@@H]1CC(=O)O[C@@H](C/C=C/C=C/[C@@H]([C@@H](C[C@@H]([C@@H]([C@H]1OC)O[C@H]2[C@@H]([C@H]([C@@H]([C@H](O2)C)O[C@H]3C[C@@]([C@H]([C@@H](O3)C)OC(=O)CC)(C)O)N(C)C)O)CC=O)C)O)C,0
CCC(C)N(C)C(=O)C1=CC2=CC=CC=C2C(=N1)C3=CC=CC=C3Cl,0
[2H]C([2H])([2H])C([2H])([2H])OC1=C(C2=CC=CC=C2C=C1)C(=O)N[C@H]3[C@@H]4N(C3=O)[C@H](C(S4)(C)C)C(=O)[O-].[Na+],0
CCN(CC)CCSCC(=O)O[C@@H]1C[C@@]([C@H]([C@@H]([C@@]23CC[C@H]([C@@]1([C@@H]2C(=O)CC3)C)C)C)O)(C)C=C,0
CCC(C)C(C(=O)NC(CCCCN)C(=O)NCC(=O)NC(C(C)O)C(=O)NC(CCCCN)C(=O)O)NC(=O)C(CC1=CC=CC=C1)NC(=O)C(CO)NC(=O)C(CC(C)C)NC(=O)C(C(C)C)NC(=O)C(CCCN=C(N)N)N,0
C#CCOCCOCCOCCOCC#C,0
CN1CCN(C=N1)C2=C(C=C(C=C2)N3C[C@@H](OC3=O)CO)F,0
CC(C)C1=CN2C=CC=CC2=C1S(=O)(=O)C3=CC=C(C=C3)OCCCN(C)CCC4=CC(=C(C=C4)OC)OC,0
CCN(CC)CCCNC1=C2C=CC(=CC2=NC=C1)Cl.Cl.Cl,0
C[C@](COC(=O)C1=CC=CC=C1)([C@@H]([C@@]23C(=O)N[C@@](C(=C)CCO2)(C(=O)N3)O)O)O,0
CC[C@H]1CN2CCC3=CC(=C(C=C3[C@@H]2C[C@@H]1C[C@@H]4C5=CC(=C(C=C5CCN4)O)OC)OC)OC.Cl.Cl,0
COC1=CC(=CC(=C1OC)OC)C=O,0
CCCC(CCC)C(=O)N,0
C[C@]1([C@@H]([C@H](O[C@H]1N2C=CC3=C(N=CN=C32)N)CO)O)O,0
C1[C@H](OC2=C(C1=O)C=CC(=C2O)O)C3=CC(=C(C=C3)O)O,0
CC(C)C[C@H]1C(=O)N[C@@H](C(=O)N[C@@H](C(=O)N2CCC[C@H]2C(=O)N[C@@H](C(=O)N1)C(C)C)CC(=O)O)CC3=CNC4=CC=CC=C43,0
C[C@H]1[C@@H]([C@H]([C@H]([C@@H](O1)O[C@@H]2[C@H](O[C@H]([C@@H]([C@H]2O)O)OC[C@@H]3[C@H]([C@@H]([C@H]([C@@H](O3)OC(=O)[C@@]45CC[C@@]6(C(=CC[C@H]7[C@]6(CC[C@@H]8[C@@]7(CC[C@@H](C8(C)C)O[C@H]9[C@@H]([C@H]([C@H](CO9)O)O)O[C@H]1[C@@H]([C@@H]([C@H]([C@@H](O1)C)O)O)O)C)C)[C@@H]4CC(CC5)(C)C)C)O)O)O)CO)O)O)O,0
CCOC(=O)/C=C/[C@H](C[C@@H]1CCNC1=O)NC(=O)[C@H](CC2=CC=C(C=C2)F)CC(=O)[C@H](C(C)C)NC(=O)C3=NOC(=C3)C,0
CN(C)/C=N/C1=NC2=C(C(=O)N1)N=CN2[C@H]3C[C@@H]([C@H](O3)COC(C4=CC=CC=C4)(C5=CC=C(C=C5)OC)C6=CC=C(C=C6)OC)O,0
C1CN(CCN1CCCN2CCN(CC2)C3=C4C=CC(=CC4=NC=C3)Cl)C5=C6C=CC(=CC6=NC=C5)Cl.O.O.O.O.OP(=O)(O)O.OP(=O)(O)O.OP(=O)(O)O.OP(=O)(O)O,0
CN(CC[C@@H](CC(=O)N[C@H]1C=C[C@@H](O[C@@H]1C(=O)O)N2C=CC(=NC2=O)N)N)C(=N)N,0
CC(=C)[C@@H]1CC[C@]2([C@H]1[C@H]3CC[C@@H]4[C@]5(CC[C@@H](C([C@@H]5CC[C@]4([C@@]3(CC2)C)C)(C)C)O)C)C=O,0
C[C@H](CCC(=C)C(C)C)[C@H]1CC[C@@H]2[C@@]1(CC[C@H]3C2=CC=C4[C@@]3(CC[C@@H](C4)O)C)C,0
C1=CC=C2C(=C1)C(=O)C3=C(C=CC(=C3C2=O)O)O,0
CC1=CC(=C(N1)C=C2C(=CC(=C3C=C4C=CC=CC4=N3)N2)OC)C,0
C[C@H]1[C@@H]2CCC3=C([C@]2(CC[C@@H]1O)C)CC[C@]4([C@]3(CC[C@@H]4[C@H](C)CCC(=C)C(C)C)C)C,0
CC1=NN=C(S1)NS(=O)(=O)C2=CC=C(C=C2)N,0
CN(CC(=O)NC1=C(C=CC(=C1)Cl)OC)C(=O)C2=NN(N=C2)C3=CC=CC=C3,0
CC(C)(C)C1=CC(=CC(=C1OC)C2=CC3=C(C=C2)C=C(C=C3)NS(=O)(=O)C)N4C=CC(=O)NC4=O,0
CC1=C(C(=CC=C1)C)OCC(=O)N[C@@H](CC2=CC=CC=C2)[C@H](C[C@H](CC3=CC=CC=C3)NC(=O)[C@H](C(C)C)N4CCC(=O)NC4=O)O,0
CC1=C([N+](=O)C2=CC=CC=C2N1[O-])C(=O)NCCO,0
CC1=CC2=C(C=C1)N=C(N=C2NCC3(COC3)N)N4CCS(=O)(=O)C5=CC=CC=C5C4,0
C[C@@H]1CC[C@@]2([C@H]([C@H]3[C@@H](O2)C[C@@H]4[C@@]3(CC[C@H]5[C@H]4CC=C6[C@@]5(CC[C@@H](C6)O[C@H]7[C@@H]([C@H]([C@@H]([C@H](O7)CO)O)O[C@H]8[C@@H]([C@@H]([C@H]([C@@H](O8)C)O)O)O)O)C)C)C)OC1,0
COC1=C(C=CC(=C1)C=CC(=O)OCC2(CO[C@H]([C@H]2O)OC3[C@H]([C@@H](C(O[C@H]3OC4=CC=C(C=C4)[C@@H]5CC(=O)C6=C(O5)C=C(C=C6)O)CO)O)O)O)O,0
CCCC(=O)CC(=O)NC1CCOC1=O,0
CC1=C(C(=CC=C1)CNC2=NC=NC3=C2NC=N3)O,0
CC1CC2=C(C(=O)C1)C3=C(C=C2)C(=O)C4=C(C3=O)C=CC=C4O,0
CO[C@@H]1[C@@H]([C@H](O[C@H]1N2C=CC(=O)NC2=O)CO)OP(=S)(O)OC[C@@H]3[C@H](C[C@@H](O3)N4C=NC5=C(N=CN=C54)N)O,0
C1=CN=C(N1)N,0
COCCNC(=O)NC1=CC2=C(C=C1)N=C(C(=N2)C3=CC=CS3)C4=CC=CS4,0
C1CNC[C@@H]1OC2=C(C=C(C=C2NC(=O)C3=CC(=NC=N3)C(=O)NC4=CC(=CC(=C4O[C@@H]5CCNC5)NC(=O)CCCCN=C(N)N)C(F)(F)F)C(F)(F)F)NC(=O)CCCCN=C(N)N,0
C=CCOC(CN1C=CN=C1)C2=C(C=C(C=C2)Cl)Cl,0
C1CN(CCN1)C2=C(C=C3C(=O)C(=CN(C3=N2)C4=CC=C(C=C4)F)C(=O)O)F,0
C1=CC(=C(C=C1C(=C2C=CC(=O)C(=C2)C(=O)O)C3=CC(=C(C=C3)O)C(=O)O)C(=O)O)O,0
CC1=[N+](C2=CC=CC=C2C(=C1)N)CCCCCCCCCC[N+]3=C(C=C(C4=CC=CC=C43)N)C.[Cl-].[Cl-],0
C1=CC(=C(C(=C1)O)O)O,0
C1=CC(=CC(=C1)Cl)N=NC2=C(NN(C2=O)C(=S)N)C3=CC=C(C=C3)[N+](=O)[O-],0
C1C(S/C(=C(\C#N)/N2C=CN=C2)/S1)C3=CC=CC=C3Cl,0
C/C(=N\OC(=O)N(SN(C(=O)O/N=C(/SC)\C)C)C)/SC,0
COC1=CC(=CC(=C1OC)OC)C2=C3C(=C(C4=CC5=C(C=C42)OCO5)O)COC3=O,0
CS(=O)(=O)CCCN1C2=C(C=C(C=C2)Cl)C=C1CN3C4=C(C=CN=C4)N(C3=O)CC(F)(F)F,0
CC1=C(C=C(C=C1)[C@H](C)CCC=C(C)C)O,0
CC1([C@@H](N2[C@H](S1)[C@@H](C2=O)N=CN3CCCCCC3)C(=O)OCOC(=O)C(C)(C)C)C.Cl,0
CC1CC(=CC=CC(C(OC(=O)C(=CC(=CC(C1O)C)C)OC)C(C)C(C(C)C2(CC(C(C(O2)C(C)C)C)OC(=O)C=CC(=O)NC3=C(CCC3=O)O)O)O)OC)C,0
CN1CC2CCC(C1)N2C(=O)[C@]34C[C@H]3C5=C(C=CC(=C5)OC)C6=C(C7=C(N6C4)C=C(C=C7)C(=O)NS(=O)(=O)N(C)C)C8CCCCC8,0
C1=CC(=CC=C1N/C(=N/C(=NCCCCCCN=C(/N=C(/NC2=CC=C(C=C2)Cl)\N)N)N)/N)Cl.C(O)[C@@H](O)[C@@H](O)[C@H](O)[C@@H](O)C(=O)O.C(O)[C@@H](O)[C@@H](O)[C@H](O)[C@@H](O)C(=O)O,0
CC1=C(C=C(C=C1)N)C(=O)N[C@H](C)C2=CC=CC3=CC=CC=C32,0
CCN1C=C(C(=O)C2=CC(=C(C=C21)N3CCN(CC3)C)F)C(=O)O.CS(=O)(=O)O.O.O,0
CC1=CNC(=O)NC1=O.C1=CC(=CC=C1[C@H]([C@@H](CO)NC(=O)C(Cl)Cl)O)[N+](=O)[O-],0
C[C@]1(CCC[C@@]2([C@@H]1CCC(=C)[C@H]2CCC3=CCOC3=O)C)CO,0
[2H]C1=C(C(=C(C(=C1N)[2H])[2H])S(=O)(=O)NC2=NOC(=C2)C)[2H],0
CC(C)[C@@H](C(=O)N1CCC[C@H]1C2=NC=C(N2)C3=CC4=C(C=C3)N5[C@@H](OC6=C(C5=C4)C=CC(=C6)C7=CN=C(N7)[C@@H]8CCCN8C(=O)[C@H](C(C)C)NC(=O)OC)C9=CC=CC=C9)NC(=O)OC,0
C[C@H]1CC(=O)N2C13C[C@@H]4[C@](C2)(C[C@@]5(C4(C)C)CC(=O)N(C5=O)C)N(C3=O)C,0
[Li+].C1[C@@H]2N(C1=O)[C@H](/C(=C/CO)/O2)C(=O)[O-],0
C1=CC(=CC=C1/C=C\C(=O)OC[C@@H]2[C@H]([C@@H]([C@H]([C@@H](O2)OC3=C(OC4=CC(=CC(=C4C3=O)O)O)C5=CC=C(C=C5)O)O)O)O)O,0
CC1=CC(=C(C=C1NC(=O)C2=C(C(=CC(=C2)I)I)[O-])Cl)C(C#N)C3=CC=C(C=C3)Cl.[Na+],0
CC1C2=CC=CC=C2CCN1C3=NC(=NC(=C3C)C)NC4=CC=C(C=C4)F.Cl,0
C[C@]12CCCC([C@@H]1CC=C([C@@H]2C=O)C=O)(C)C,0
CC[C@H](C)[C@@H](C(=O)N[C@@H](C)C(=O)N[C@@H](CC1=CNC2=CC=CC=C21)C(=O)N[C@@H](CC(C)C)C(=O)N[C@@H](C(C)C)C(=O)N[C@@H](CCCCN)C(=O)NC(C)(C)C(=O)N[C@@H](CCCNC(=N)N)C(=O)N)NC(=O)[C@H](CC3=CC=CC=C3)NC(=O)[C@H](CCC(=O)O)NC(=O)[C@H](CCCCN)NC(=O)[C@H](C)NC(=O)[C@H](C)NC(=O)[C@H](CCC(=O)N)NC(=O)CNC(=O)[C@H](CCC(=O)O)NC(=O)[C@H](CC(C)C)NC(=O)[C@H](CC4=CC=C(C=C4)O)NC(=O)[C@H](CO)NC(=O)[C@H](CO)NC(=O)[C@H](C(C)C)NC(=O)[C@H](CC(=O)O)NC(=O)[C@H](CO)NC(=O)[C@H]([C@@H](C)O)NC(=O)[C@H](CC5=CC=CC=C5)NC(=O)[C@H]([C@@H](C)O)NC(=O)CNC(=O)[C@H](CCC(=O)O)NC(=O)C(C)(C)NC(=O)[C@H](CC6=CNC=N6)N,0
C1[C@H]([C@@H](OC2=CC(=CC(=C21)O)O)C3=CC(=C(C(=C3)O)O)O)O,0
CC(=O)OC1=CC=C(C=C1)C(C2=CC=C(C=C2)OC(=O)C)C3=CC=CC=N3,0
C[C@H](CCC=C(C)C)[C@H]1CC[C@@H]2[C@@]1(CC[C@H]3[C@H]2CC=C4[C@@]3(CC[C@@H](C4)O)C)C,0
CSC[C@@H](C(=O)O)N,0
CC[C@H](C)[C@@H](C(=O)N[C@@H](CCC(=O)O)C(=O)N[C@@H](CC1=CNC2=CC=CC=C21)C(=O)N[C@@H](CC(C)C)C(=O)N[C@@H](CCCCN)C(=O)N[C@@H](CC(=O)N)C(=O)NCC(=O)NCC(=O)N3CCC[C@H]3C(=O)N[C@@H](CO)C(=O)N[C@@H](CO)C(=O)NCC(=O)N[C@@H](C)C(=O)N4CCC[C@H]4C(=O)N5CCC[C@H]5C(=O)N6CCC[C@H]6C(=O)N[C@@H](CO)C(=O)N)NC(=O)[C@H](CC7=CC=CC=C7)NC(=O)[C@H](CC(C)C)NC(=O)[C@H](CCCNC(=N)N)NC(=O)[C@H](C(C)C)NC(=O)[C@H](C)NC(=O)[C@H](CCC(=O)O)NC(=O)[C@H](CCC(=O)O)NC(=O)[C@H](CCC(=O)O)NC(=O)[C@H](CCSC)NC(=O)[C@H](CCC(=O)N)NC(=O)[C@H](CCCCN)NC(=O)[C@H](CO)NC(=O)[C@H](CC(C)C)NC(=O)[C@H](CC(=O)O)NC(=O)[C@H](CO)NC(=O)[C@H]([C@@H](C)O)NC(=O)[C@H](CC8=CC=CC=C8)NC(=O)[C@H]([C@@H](C)O)NC(=O)CNC(=O)[C@H](CCC(=O)O)NC(=O)CNC(=O)[C@H](CC9=CNC=N9)N,0
CC1=CC2=C(O1)C=C(C=C2OC3=CN=C(N=C3)C(=O)N(C)C)C(=O)NC4=NC=C(N=C4)C,0
CC1=NC2=CC=CC=C2O1,0
C1=CC(=C(C=C1C2(C3=C(C(=C(C(=C3Br)Br)Br)Br)C(=O)O2)C4=CC(=C(C=C4)O)S(=O)(=O)[O-])S(=O)(=O)[O-])O.[Na+].[Na+],0
CCCCOC(=O)[C@@H](C)OC1=CC=C(C=C1)OC2=NC=C(C=C2)C(F)(F)F,0
CC(C)OC(=O)N[C@H]1CC2=C(C1)N(C3=C2C=C(C=C3)C#N)CC4=CC=CC=N4,0
CCCCCCCCCCCCC/C=C/[C@H]([C@H](CO)NC(=O)CCCCCCCCCCC)O,0
CN1C2=C(C(=O)N(C1=O)C)C(N=C(N2)C3=CC=C(C=C3)Cl)(C(F)(F)F)C(F)(F)F,0
C[C@@H](C(=O)N[C@@H](CCC(=O)O)C(=O)N[C@@H](CCCCN)C(=O)N[C@@H](CCCCN)C(=O)N[C@@H](CC(=O)O)C(=O)N[C@@H](CCC(=O)O)C(=O)NCC(=O)N1CCC[C@H]1C(=O)N[C@@H](CC2=CC=C(C=C2)O)C(=O)N[C@@H](CCCNC(=N)N)C(=O)N[C@@H](CCSC)C(=O)N[C@@H](CCC(=O)O)C(=O)N[C@@H](CC3=CNC=N3)C(=O)N[C@@H](CC4=CC=CC=C4)C(=O)N[C@@H](CCCNC(=N)N)C(=O)N[C@@H](CC5=CNC6=CC=CC=C65)C(=O)NCC(=O)N[C@@H](CO)C(=O)N7CCC[C@H]7C(=O)N8CCC[C@H]8C(=O)N[C@@H](CCCCN)C(=O)N[C@@H](CC(=O)O)C(=O)O)N,0
CN1C=NC=C1CC(=O)O,0
CC(C)(C(=O)NCCS(=O)(=O)O)OC1=CC=C(C=C1)C(=O)C2=CC=C(C=C2)Cl,0
COC1=CC=C(C=C1)S(=O)(=O)N(CC(=O)O)C2=CC=C(C3=CC=CC=C32)N4CCC[C]4C(=O)O,0
CC(C)C[C@@H](C(=O)NC1=NN(C=C1)C[C@H](CO)O)N2CC(=CC2=O)OC3=CC=CC=C3Cl,0
C1=CC(=CC=C1CC(=O)O)O,0
C1=CC=C2C(=C1)NC(=N2)CCNCCC3=NC(=CO3)C(=O)NCC4=C(C=CC=N4)F,0
CCCC(C)C(=O)O,0
C([C@H]([C@H]([C@H]([C@@H](C(=O)CO)O)O)O)O)OP(=O)(O)O,0
CN1C=NC2=C1C(=O)NC(=O)N2,0
CC1=NN(C(=O)C1)C2=CC=C(C=C2)C(=O)O,0
C[C@H](CCC=C(C)C)[C@@H]1CC[C@]2([C@]1(CCC3=C2CC[C@@H]4[C@@]3(CC[C@@H](C4(C)C)OC(=O)C)C)C)C,0
COC1=C(C=C(C=C1)C=O)O,0
C1[C@H](O[C@H]([C@@H]1O)N2C=CC(=O)NC2=O)COP(=O)(O)OP(=O)(O)OP(=O)(O)O,0
CC(=CCC1=C(C=CC(=C1)C(=O)/C=C/C2=C(C(=C(C=C2)O)O)OC)O)C,0
CC(C)(C)S(=O)(=O)NC1CCC(CC1)C(=O)NC2=NC=C(C=C2)C(F)(F)F,0
C[C@H](CC[C@H](C(C)(C)O)O)[C@H]1CC[C@@]2([C@@]1(C[C@H]([C@@]3([C@H]2CC=C4[C@H]3CC[C@@H](C4(C)C)O[C@H]5[C@@H]([C@H]([C@@H]([C@H](O5)CO)O)O)O)C)O)C)C,0
CC(CC(=O)/C=C(\C)/[C@H]1C[C@@H]([C@@]2([C@@]1(CC(=O)C3=C2[C@H](CC4[C@@]3(CCC(=O)C4(C)C)C)O)C)C)O)C(=O)O,0
C1[C@@H]([C@H]([C@@H]([C@H](N1CCO)CO)O)O)O,0
[2H]C1=C(C(=C(C(=C1N2[C@@H]([C@H](C2=O)CC[C@@H](C3=CC=C(C=C3)F)O)C4=CC=C(C=C4)O[C@H]5[C@@H]([C@H]([C@@H]([C@H](O5)C(=O)O)O)O)O)[2H])[2H])F)[2H],0
C#CCNC(=O)[C@@H]1CSC(=O)N1,0
C1=CC(=C(C=C1O)O)/C=C/C2=CC(=CC(=C2)O[C@H]3[C@@H]([C@H]([C@@H]([C@H](O3)CO)O)O)O)O,0
CCOC(=O)C(C)(C)NP(=O)(C1=CC=C(O1)C2=C(SC(=N2)N)C(=O)C(C)(C)C)NC(C)(C)C(=O)OCC,0
CC1=C(N=C(O1)C2=CC=CC=C2)CCOC3=C4C=CSC4=C(C=C3)C[C@@H](C(=O)O)OC,0
C1=CC(=C(N=C1)N2C(=NC(=N2)CN3C(=O)N(C(=N3)C4=CC=C(C=C4)Cl)C[C@@H](C(F)(F)F)O)C(=O)N)C(F)(F)F,0
CCCCCCCCN1C(=O)C=CC1=O,0
CCC(C)C(C(=O)N1CCCC1C(=O)NC(CCC(=O)O)C(=O)NC(CCC(=O)O)C(=O)NC(CC2=CC=C(C=C2)OS(=O)(=O)O)C(=O)NC(CC(C)C)C(=O)NC(CCC(=O)N)C(=O)O)NC(=O)C(CCC(=O)O)NC(=O)C(CCC(=O)O)NC(=O)C(CC3=CC=CC=C3)NC(=O)C(CC(=O)O)NC(=O)CNC(=O)C,0
[2H]C([2H])([2H])N(CC(=O)O)C(=N)N.O,0
CC1=C(C2=C(N1)C(=C(C(=N2)C(F)(F)F)C#N)N3CCO[C@@H](C3)CO)Cl,0
C1COC(CO1)COC2=CC=CC=C2C3=NN=C(N4C3=CC=C4)NC5=C(C=C(C=C5)CC(=O)N)F,0
CN1C(=O)C=C(N(C1=O)CC2=CC=CC=C2C#N)N3CCC[C@H](C3)N,0
C1=CC=C(C=C1)CC(CN(C(=O)CC2=CC=CC=C2)O)C(=O)O,0
C1CCNC(=O)C1,0
B(C1=C(C=CC(=C1)Cl)NC(=O)C2=CN=C(C=C2)OC3=CC=C(C=C3)C(F)(F)F)(O)O,0
CC1=C(SC=[N+]1CC(=O)C2=CC=CC=C2)C.[Cl-],0
CC(=CCC1=C(C(=C2C(=C1O)C(=O)[C@@H]([C@H](O2)C3=C(C=C(C=C3)O)O)O)CC=C(C)C)O)C,0
CC1([C@H]2C[C@]3(CC(=O)[C@]([C@@H]2[C@H]3O)(C4=COC5=C([C@H]41)C=CC(=C5)O)O)O)C,0
CC1=CC=C(C=C1)NC(=O)NC2=NN=C(S2)COC3=C(C=C(C=C3)C)C,0
C1=NC(=C2C(=N1)N(C=N2)[C@H]3[C@@H]([C@@H]([C@H](O3)COP(=O)(O)OP(=O)(O)OP(=O)(O)O)O)O)N.[K].[K],0
C1=CC=C(C=C1)C(C2=CC=CC=C2)C(=O)N[C@H](CCCN=C(N)N)C(=O)NCC3=CC=C(C=C3)CNC(=O)N.C(=O)(C(F)(F)F)O,0
C(C(C(=O)O)O)O,0
C[C@H]([C@@](C(C)C)(C(=O)OCC1=CCN2[C@H]1[C@@H](CC2)OC(=O)C)O)O,0
CC1=CC2=C(C(=C1)O[C@H]3[C@@H]([C@H]([C@@H]([C@H](O3)CO[C@H]4[C@@H]([C@H]([C@@H]([C@H](O4)CO)O)O)O)O)O)O)C(=O)C5=C(C2=O)C=C(C=C5O)O,0
CC[C@@H]1C[C@@H](C2=C(N1C(=O)OC(C)C)C=CC(=C2)C(F)(F)F)N(CC3=CC(=CC(=C3)C(F)(F)F)C(F)(F)F)C(=O)C,0
C(CSSCC[C@@H](C(=O)O)N)[C@@H](C(=O)O)N,0
C[C@H](CC[C@H](C(C)C)OS(=O)(=O)O)[C@H]1CC[C@@H]2[C@@]1(CC[C@H]3[C@H]2[C@@H](C[C@@H]4[C@@]3(CC[C@H](C4)NCCCNCCCCNCCCN)C)O)C,0
C1=CC=C(C=C1)OCC(=O)O,0
CC(=CCC1=C(OC2=CC(=CC(=C2C1=O)O)O)C3=C4C(=C(C=C3)O)C=CC(O4)(C)C)C,0
C1=CC=C2C(=C1)N=C3N2C(=O)C4=CC=CC5=C(C=CC3=C54)C(=O)O,0
C(=C/C(=O)O)\C=C\C(=O)O,0
CC(C)C[C@@H](C(=O)N1CCC[C@H]1C(=O)NCC(=O)N)NC(=O)[C@H](CC2=CNC3=CC=CC=C32)NC(=O)CNC(=O)[C@H](CC4=CC=C(C=C4)O)NC(=O)[C@H](CO)NC(=O)[C@H](CC5=CNC6=CC=CC=C65)NC(=O)[C@H](CC7=CN=CN7)NC(=O)[C@@H]8CCC(=O)N8,0
CC1(CC2=CC(=C(C(=C2C1=O)Cl)Cl)OCC(=O)O)C3=CC=CC=C3,0
CN1CCN(CC1)C2=CC=C(C=C2)NC3=NC4=C(C(=N3)OC5=CC=CC(=C5)NC(=O)C=C)OC=C4,0
C(C(=O)[O-])C(CC(=O)[O-])(C(=O)[O-])O.[Fe+3],0
CC1=C(SC(=N1)NC(=O)C)C2=CC3=C(C(=C2)S(=O)(=O)C)C(=O)N(C3)[C@@H](C)C4CC4,0
CC(=O)C1=CC2=CC=CC=C2C=C1,0
C1=CC=C2C=C(C=CC2=C1)C(O)P(=O)(O)O,0
CC1=CC=C(C=C1)C2=C(C=C(C=C2)F)COC3=CC=C(C=C3)CCC(=O)O,0
CC1=CC2=C(C=C1C3=C(C=CC(=C3)/C=C/C(=O)O)O)C(CCC2(C)C)(C)C,0
C1=CC=C(C=C1)OC2=CC=CC(=C2)CCCC(P(=O)([O-])[O-])S(=O)(=O)[O-].[K+].[K+].[K+],0
CC1(C(=NC2=C(N=CN=C2O1)N)C3=CC=C(C=C3)C4CCC(CC4)CC(=O)O)C,0
C[S+](CC[C@@H](C(=O)O)N)C[C@@H]1[C@H]([C@H]([C@@H](O1)N2C=NC3=C(N=CN=C32)N)O)O.[I-],0
CC1=CC2=C(C=C1C)N(C=N2)[C@@H]3[C@@H]([C@@H]([C@H](O3)CO)OP(=O)([O-])O[C@H](C)CNC(=O)CC[C@@]\4([C@H]([C@@H]5[C@]6([C@@]([C@@H](C(=N6)/C(=C\7/[C@@]([C@@H](C(=N7)/C=C\8/C([C@@H](C(=N8)/C(=C4\[N-]5)/C)CCC(=O)N)(C)C)CCC(=O)N)(C)CC(=O)N)/C)CCC(=O)N)(C)CC(=O)N)C)CC(=O)N)C)O.[CH2-][C@@H]1[C@@H]([C@@H]([C@H](O1)N2C=NC3=C(N=CN=C32)N)O)O.[Co+3],0
C1=NC(=C2C(=N1)N(C=N2)[C@H]3[C@@H]([C@@H]([C@H](O3)COP(=O)([O-])OP(=O)([O-])OP(=O)([O-])[O-])O)N)N.[Na+].[Na+].[Na+].[Na+],0
CC(C)(C(=O)NC(CC1=CC2=CC=CC=C2C=C1)C3=NN=C4N3C(=CC=C4)COC(=O)NCCC(=O)N)N,0
COC1=C(C=C(C=C1)S(=O)(=O)N2CCCN(CC2)S(=O)(=O)C3=CC(=C(C=C3)OC)OC)OC,0
C[C@H](C1=CC=CC2=CC=CC=C21)N[C@H]3CCCC[C@@H]3NC(=O)C4=CC=C(C=C4)Cl.Cl,0
CN(CC(=O)O)C(=N)N.O,0
[2H]C([2H])([2H])C([C@@H](C)/C=C/[C@@H](C)[C@H]1CC[C@@H]\2[C@@]1(CCC/C2=C\C=C/3\C[C@H](C[C@@H](C3=C)O)O)C)(C([2H])([2H])[2H])O,0
C1=CC2=C(C=CN2)C=C1C(=O)N,0
C1=CC=C2C(=C1)C(=CN2CC(=O)O)CC3=NC4=C(C(=CC(=C4S3)F)F)F,0
C[C@H](CCC(=O)[O-])[C@H]1CC[C@@H]2[C@@]1([C@H](C[C@H]3[C@H]2[C@@H](C[C@H]4[C@@]3(CC[C@H](C4)O)C)O)O)C.[Na+],0
CC1=C(C(=CC=C1)NC2=CC(=NC(=N2)SCC(=O)NCCO)Cl)C,0
CC1=CC(=O)CC(C1(/C=C/C(=C\C(=O)O)/C)O)(C)C,0
C1=CC2=C(C=C1Cl)N(C(=O)N(C2=O)CC3=C(C=C(C=C3)Br)F)CC(=O)O,0
CC1=C(C(CCC1)(C)C)/C=C/C(=C/C=C/C(=C/CO)/C)/C,0
CC(=O)CC(OC)OC,0
C1=NNC2=C1C(=O)NC=N2,0
C1=CC=NC(=C1)C(C2=CC=C(C=C2)OS(=O)(=O)[O-])C3=CC=C(C=C3)OS(=O)(=O)[O-].[Na+].[Na+],0
CC(C)(C)NCC(C1=CC(=C(C(=C1)Cl)N)Cl)O.Cl,0
CC1=C(C=CC(=C1)N2C(=O)NC(=O)N(C2=O)C)OC3=CC=C(C=C3)S(=O)C(F)(F)F,0
CCCC1=CC(=O)N2C(=N1)C(=C(N2)NCC3=C(C=C(C=C3F)Cl)F)C#N,0
C[C@]12CC[C@H]3[C@H]([C@@H]1CCC2=O)CC=C4[C@@]3(CC[C@@H](C4)OS(=O)(=O)[O-])C.[Na+],0
CCC1=CC=C(C=C1)C=O,0
CC[C@H](C)[C@@H](C(=O)N[C@@H]([C@@H](C)CC)C(=O)N[C@@H](CCCCN)C(=O)N[C@@H](CC(=O)N)C(=O)N[C@@H](C)C(=O)N[C@@H](CC1=CC=C(C=C1)O)C(=O)N[C@@H](CCCCN)C(=O)N[C@@H](CCCCN)C(=O)NCC(=O)N[C@@H](CCC(=O)O)C(=O)O)NC(=O)[C@H](C)NC(=O)[C@H](CC(=O)N)NC(=O)[C@H](CCCCN)NC(=O)[C@H](CC2=CC=CC=C2)NC(=O)[C@H](CC(C)C)NC(=O)[C@H]([C@@H](C)O)NC(=O)[C@H](C(C)C)NC(=O)[C@H](CC(C)C)NC(=O)[C@@H]3CCCN3C(=O)[C@H]([C@@H](C)O)NC(=O)[C@H](CCC(=O)N)NC(=O)[C@H](CO)NC(=O)[C@H](CCCCN)NC(=O)[C@H](CCC(=O)O)NC(=O)[C@H](CO)NC(=O)[C@H]([C@@H](C)O)NC(=O)[C@H](CCSC)NC(=O)[C@H](CC4=CC=CC=C4)NC(=O)CNC(=O)CNC(=O)[C@H](CC5=CC=C(C=C5)O)N,0
CCC1=NOC(=N1)C2CNC=NC2,0
COC1=C(C=C(C(=C1)C2=CC(=CC(=C2)Cl)F)F)N3C4=C(C=CC3=O)C=C(C=C4)S(=O)(=O)NC5=NOC=C5,0
C1CN2CC[C@@]3(C2)[C@H]1OC4=C(C3)N=CC=C4,0
C[C@H]([C@@H](C(=O)NCC(=O)N[C@@H](C)C(=O)N[C@@H](CCCN=C(N)N)C(=O)N[C@@H](CCCCN)C(=O)N[C@@H](CO)C(=O)N[C@@H](C)C(=O)O)NC(=O)[C@H](CC1=CC=CC=C1)NC(=O)CNC(=O)CNC(=O)[C@H](CC2=CC=CC=C2)N)O,0
COC1=CC(=CC(=C1)C(=O)NNC(=O)NC2=CC=CC3=CC=CC=C32)OC,0
CC1=C2CCC(CC(C2=CC=C1)O)CN3CCC(CC3)C4=C(C=CC=C4Cl)Cl.Cl,0
CC(=O)O[C@H]1[C@H](C[C@@H]2[C@@]1(CC[C@H]3[C@H]2CC[C@@H]4[C@@]3(C[C@@H]([C@H](C4)O)N5CCOCC5)C)C)[N+]6(CCCC6)CC=C.[Br-],0
[2H]C([2H])([2H])C(C1=CC2=NN=C(N2N=C1OCC3=NC=NN3C)C4=C(C=CC(=C4)F)F)(C([2H])([2H])[2H])C([2H])([2H])[2H],0
C[C@](C1=CC=C(C=C1)C(=O)O)(C(=O)O)N,0
C1=COC(=C1)CNC2=NC=NC3=C2NC=N3,0
CC1=CC(=NC(=N1)N2CC3CN(CC3C2)C(=O)C4=C(C=CC=C4F)N5N=CC=N5)C,0
CC(=O)C1=CC2=C(C=C1)OC([C@@H]([C@H]2NC(=O)C3=CC=C(C=C3)F)O)(C)C,0
COC1=C(C=C(C=C1)N2C(=NN=N2)C(F)(F)F)CN[C@H]3CCCN[C@H]3C4=CC=CC=C4.Cl.Cl,0
C1=CC(=CC2=C(C=C(C=C21)C3=CC(=C(C=C3)O)F)C#N)O,0
CC(=O)NC1(CCN(CC1)CC[C@H](CN(C)C(=O)C2=CC=CC=C2)C3=CC(=C(C=C3)Cl)Cl)C4=CC=CC=C4,0
C1CCS(=O)(=O)N(C1)C2=CC=C(C=C2)S(=O)(=O)N,0
CCCCCCCCCC1=C(C(=O)C(=C(C1=O)C)C)C,0
C1=CC(=C(C=C1/C=C/C(=O)C2=C(C(=C(C=C2)O)O)O)O)O,0
CCN1C[C@@]2(CC[C@@H]([C@@]34[C@@H]2[C@H]([C@H](C31)[C@]5(C[C@@H]([C@]6(C[C@@H]4[C@@H]5[C@H]6C(=O)C7=CC=C(C=C7)OC)O)OC)OC(=O)C)OC)OC)COC,0
C[N+]1(CCOC(C1)(C2=CC=C(C=C2)C3=CC=C(C=C3)C4(C[N+](CCO4)(C)C)O)O)C.[Br-].[Br-],0
C[C@@H](C(=O)N[C@@H](CC(=O)O)C(=O)N1CCC[C@H]1C(=O)N[C@@H](CC(=O)N)C(=O)N[C@@H](CCCCN)C(=O)N[C@@H](CC2=CC=CC=C2)C(=O)N[C@@H](CC3=CC=C(C=C3)O)C(=O)NCC(=O)N[C@@H](CC(C)C)C(=O)N[C@@H](CCSC)C(=O)N)NC(=O)[C@@H]4CCC(=O)N4,0
CC1=CC2=C(C=C1C=O)N(C3=NC(=O)NC(=O)C3=N2)C,0
CC(C)(CCC(=O)[O-])O.[Na+],0
CC/C=C\C/C=C\C/C=C\C/C=C\C/C=C\C/C=C\CCC(=O)O,0
C1=CC=C(C=C1)CC(=O)NC2=NC3=C(C=C(C=C3)Cl)C4=NC(=NN42)C5=CC=CO5,0
C1CN(C[C@H]1O)C(=O)C2=C3C4=C(CCN3C(=O)C(=C2)C5=CC=CC=C5)C=CC(=C4)Cl,0
CC1=CC(=CC(=C1C2=CC(=CC(=O)O2)OC)O[C@H]3[C@@H]([C@H]([C@@H]([C@H](O3)CO)O)O)O)O,0
CCN(CC)CCNC(C1=CC=CC=C1)C(=O)OCCC(C)C,0
C1CC1(C2=CC=C(C=C2)CC(=O)NC3=NN(C=C3)CC4=NC=C(C=C4)C#N)C(F)(F)F,0
C(C(Cl)(Cl)Cl)O,0
CNCC/C=C/1\C2=CC=CC=C2CC(C3=CC=CC=C31)O,0
C1C(CC1(F)F)NC(=O)C2=NSC3=C2C=CC(=C3)NC4=NNC5=C4N=CC=C5,0
CN1C=C(C2=CC=CC=C21)C3=C(C(=O)NC3=O)C4=C5C[C@H](CCN5C6=CC=CC=C64)CN(C)C.Cl,0
CN1C=NC=C1CC(=O)O.Cl,0
CC(C)CC(C(=O)NC(C)C(=O)NC(C)C(=O)NC(C(C)C)C(=O)NC(CC(C)C)C(=O)NCC(=O)NC(CCCCN)C(=O)NC(CCCNC(=N)N)C(=O)NC(CC1=CC=C(C=C1)O)C(=O)NC(CCCCN)C(=O)NC(CCC(=O)N)C(=O)NC(CCCNC(=N)N)C(=O)NC(C(C)C)C(=O)NC(CCCCN)C(=O)NC(CC(=O)N)C(=O)NC(CCCCN)C(=O)N)NC(=O)C(CC2=CC=C(C=C2)O)NC(=O)C(CCCCN)NC(=O)C(CCCCN)NC(=O)C(C(C)C)NC(=O)C(C)NC(=O)C(CCSC)NC(=O)C(CCC(=O)N)N,0
CC(C)OCCN1C2=C(C(=O)NC1=S)NC=C2,0
CC1=CC2=C(C=C1)NC3C2CN(CC3)C,0
CCCCC/C=C\C/C=C\C/C=C\C/C=C\CCCC(=O)OC(CO)CO,0
COC1=CC=CC=C1OC2=CC=C(C=C2)N(CC3=CN=CC=C3)S(=O)(=O)CC(F)(F)F.Cl,0
C1(C(C(C(C(C1OP(=O)(O)[O-])OP(=O)(O)[O-])OP(=O)(O)[O-])OP(=O)(O)[O-])OP(=O)(O)[O-])OP(=O)(O)[O-].[Na+].[Na+].[Na+].[Na+].[Na+].[Na+],0
C[C@H]([C@@H](C(=O)O)NC(=O)[C@H](CC(=O)N)NC(=O)[C@H](CCSC)NC(=O)[C@H](CC(C)C)NC(=O)[C@H](CC1=CNC2=CC=CC=C21)NC(=O)[C@H](CCC(=O)N)NC(=O)[C@H](C(C)C)NC(=O)[C@H](CC3=CC=CC=C3)NC(=O)[C@H](CC(=O)O)NC(=O)[C@H](CCC(=O)N)NC(=O)[C@H](C)N)O,0
CNC(=O)[C@@H](C1=CC=CC=C1)N2CCC3=CC(=C(C=C3[C@@H]2CCC4=CC=C(C=C4)C(F)(F)F)OC)OC.Cl,0
COC1=C(C(=C2C(=C1)OC(=CC2=O)C3=CC(=C(C=C3)O)O)O)OC,0
CC[C@@H](C1=CC=CC=C1)NC(=O)C2=C(C(=NC3=CC=CC=C32)C4=CC=CC=C4)O.Cl,0
CC(C)CC1C(=O)NCC(=O)NC2CSSCC3C(=O)NC(C(=O)NC(C(=O)NC(C(=O)NC(C(=O)NC(C(=O)NC(CSSCC(NC(=O)C(NC(=O)C(NC(=O)C(NC(=O)C(NC(=O)C(NC(=O)C(NC2=O)CC4=CNC=N4)CO)CC(C)C)CC5=CC=CC=C5)CO)CC6=CC=C(C=C6)O)C(=O)NC(C)C(=O)NC(CC7=CNC8=CC=CC=C87)C(=O)NC(CC(=O)O)C(=O)NC(CC(C)C)C(=O)NC(C(C)O)C(=O)NC(CC9=CC=CC=C9)C(=O)NC(CO)C(=O)NC(CC(=O)O)C(=O)O)C(=O)NC(CSSCC(C(=O)NC(C(=O)NC(C(=O)NC(C(=O)NC(C(=O)NCC(=O)NCC(=O)N3)CC2=CC=CC=C2)CCSC)CC2=CC=C(C=C2)O)CCCNC(=N)N)NC(=O)CNC(=O)C(C)NC(=O)C(CCCCN)NC(=O)C(CC(=O)O)NC(=O)C(C(C)C)NC(=O)CN)C(=O)N2CCCC2C(=O)NC(C(=O)N1)CCCNC(=N)N)CC(=O)O)CC(=O)O)CC(=O)N)C(C)C)CO,0
[2H]C([2H])([2H])N1CCN2C(C1)C3=CC=CC=C3CC4=C2N=CC=C4,0
CC[C@@H](CO)NC(=O)[C@H]1CN([C@@H]2CC3=CNC4=CC=CC(=C34)C2=C1)C.C(=C\C(=O)O)\C(=O)O,0
C1=CC=C2C(=C1)C3=C(O2)C=CC(=C3)C(=O)CCC(=O)O,0
C1CN(CCN1CCCCOC2=CC3=C(C=C2)C=CC(=O)N3)C4=C(C(=CC=C4)Cl)Cl,0
CC1=C(C=C(S1)C(=O)N[C@@H]2[C@@H](CCCC2(F)F)N)C3=C4N=CC(=CN4N=C3)C5=CN(N=C5)C,0
C[C@H]1CC[C@H](N(C1)C(=O)C2=C(C(=CC=C2)F)OC)CNC3=NC=C(C=C3)Br,0
CN1CC[C@@]23CC[C@@H](C[C@@H]2OC4=C(C=CC(=C34)C1)OC)O,0
[2H]C1(C(N(C(C(N1C)([2H])[2H])([2H])[2H])C2=NC3=C(C=CC(=C3)Cl)NC4=CC=CC=C42)([2H])[2H])[2H],0
CC(=CCC1=CC2=C(C=C1O)OC(=CC2=O)C3=CC=C(C=C3)O)C,0
C1=CC(=CC=C1/C=C/C(=O)C2=C(C3=C(C(C2=O)([C@H]4[C@@H]([C@H]([C@@H]([C@H](O4)CO)O)O)O)O)O[C@@H]([C@H]3C5=C(/C(=C(/C=C/C6=CC=C(C=C6)O)\O)/C(=O)C(C5=O)([C@H]7[C@@H]([C@H]([C@@H]([C@H](O7)CO)O)O)O)O)O)[C@H]([C@@H]([C@@H](CO)O)O)O)O)O,0
COC1=C(C2=C(CN([C@@H](C2)C(=O)O)C(=O)C(C3=CC=CC=C3)C4=CC=CC=C4)C=C1)OCC5=CC=CC=C5,0
CCN(CC)C(=O)[C@@]1(C[C@@H]1CN)C2=CC=CC=C2,0
C(CP(=O)(O)O)[C@@H](C(=O)O)N,0
CC1=C(C(=CC=C1)CC2=CN=CN2)C,0
CC(CO)O,0
[C@@H]([C@H](C(=O)[O-])O)(C(=O)[O-])O.O.O.[Na+].[Na+],0
COC1(C2(C3CC4CC(C3)CC2C4)OO1)C5=CC(=CC=C5)OP(=O)(O)O,0
C1=CC=C2C(=C1)C(=CN2)CC(=O)O,0
C(=O)N,0
CCN(CC(CS(=O)(=O)[O-])O)C1=CC(=CC(=C1)OC)OC.[Na+],0
CCCCCCC(O)C/C=C\CCCCCCCOC(=O)OCCOCC(OCCOC(=O)OCCCCCCC/C=C\CC(O)CCCCCC)COCCOC(=O)OCCCCCCC/C=C\CC(O)CCCCCC,0
CN(CCCCN(C)CCCNP(=O)(O)OP(=O)(O)OP(=O)(O)OC[C@@H]1[C@H]([C@H]([C@@H](O1)N2C=NC3=C(N=CN=C32)N)O)O)CCCNC(=O)CCCC[C@H]4[C@@H]5[C@H](CS4)NC(=O)N5,0
[O-][Mo](=O)(=O)[O-].[Na+].[Na+],0
C1=CC=NC(=C1)SSCCN.Cl,0
CC(=O)[O-].C(C(C(C(C(C=O)O)O)O)O)O.[Na+],0
CN(C)C1=NC=NC2=C1N=CN2[C@H]3[C@@H]([C@@H]([C@H](O3)CO)NC(=O)[C@H](CC4=CC=C(C=C4)OCC#C)N)O,0
C1=CC=C(C(=C1)[N+](=O)[O-])O[C@H]2[C@@H]([C@H]([C@H]([C@H](O2)CO)O)O)O,0
C1=C(C(=C(C(=C1I)O)I)C(=O)O)I,0
C([C@H]([C@@H](CS)O)O)S,0
CC(C)(CO)C(C(=O)NCCCO)O,0
CC1=CC(=C(C=C1)N(CC(=O)OCOC(=O)C)CC(=O)OCOC(=O)C)OCC2=NC3=C(C=C(C=C3C=C2)OC)N(CC(=O)OCOC(=O)C)CC(=O)OCOC(=O)C,0
CCCCOC(=O)C(=C)C#N,0
C(CCS(=O)(=O)[O-])COC[C@@H]1[C@@H]2[C@@H]([C@H]([C@H](O1)O[C@@H]3[C@H](O[C@@H]([C@@H]([C@H]3O)O)O[C@@H]4[C@H](O[C@@H]([C@@H]([C@H]4O)O)O[C@H]5[C@@H](O[C@H]([C@H]([C@@H]5O)O)O[C@H]6[C@@H](O[C@H]([C@H]([C@@H]6O)O)O[C@H]7[C@@H](O[C@H]([C@H]([C@@H]7O)O)O[C@@H]8[C@H](O[C@H](O2)[C@@H]([C@H]8O)O)CO)CO)CO)CO)CO)CO)OCCCCS(=O)(=O)[O-])O.[Na+].[Na+],0
C1=CN=CN1,0
C=CN1CCCC1=O,0
C[C@@H](C(=O)N[C@@H](CC(=O)OC)C(=O)CF)NC(=O)[C@H](C(C)C)NC(=O)CCCCCNC(=O)CCCC[C@H]1[C@@H]2[C@H](CS1)NC(=O)N2,0
CC1=C(SC(=N1)[N+]2=NC(=NN2C3=CC=CC=C3)C4=CC=CC=C4)C.[Br-],0
[O-][V](=O)([O-])[O-].[Na+].[Na+].[Na+],0
C([C@@H]1[C@@H]2[C@@H]([C@H]([C@H](O1)O[C@@H]3[C@H](O[C@@H]([C@@H]([C@H]3O)O)O[C@@H]4[C@H](O[C@@H]([C@@H]([C@H]4O)O)O[C@@H]5[C@H](O[C@@H]([C@@H]([C@H]5O)O)O[C@@H]6[C@H](O[C@@H]([C@@H]([C@H]6O)O)O[C@@H]7[C@H](O[C@@H]([C@@H]([C@H]7O)O)O[C@@H]8[C@H](O[C@H](O2)[C@@H]([C@H]8O)O)CO)CO)CO)CO)CO)CO)O)O)O,0
C([C@@H]1[C@H]([C@@H]([C@H]([C@H](O1)O[C@@H]2[C@H](O[C@@H]([C@@H]([C@H]2O)O)OC[C@@H]3[C@@H]4[C@@H]([C@H]([C@H](O3)O[C@@H]5[C@H](O[C@@H]([C@@H]([C@H]5O)O)O[C@@H]6[C@H](O[C@@H]([C@@H]([C@H]6O)O)O[C@@H]7[C@H](OC([C@@H]([C@H]7O)O)O[C@@H]8[C@H](O[C@@H]([C@@H]([C@H]8O)O)O[C@@H]9[C@H](O[C@@H]([C@@H]([C@H]9O)O)O[C@@H]1[C@H](O[C@H](O4)[C@@H]([C@H]1O)O)CO)CO)CO)CO)CO)CO)O)O)CO)O)O)O)O,0
CCCCCCCC/C=C/CCCCCCCC(=O)OCCOCC(C1C(C(CO1)OCCO)OCCO)OCCO,0
CC1=C(C=CC(=C1)C2=CC(=C(C=C2)N=NC3=C(C4=C(C=C3)C(=CC(=C4N)S(=O)(=O)[O-])S(=O)(=O)[O-])O)C)N=NC5=C(C6=C(C=C5)C(=CC(=C6N)S(=O)(=O)[O-])S(=O)(=O)[O-])O.[Na+].[Na+].[Na+].[Na+],0
C(C(CO)O)O,0
CCN(CCCS(=O)(=O)[O-])C1=CC=CC(=C1)C.[Na+],0
COC1=CC2=C(C=C1)[N+](=CC=C2)CCCS(=O)(=O)[O-],0
C1=CC(=CC=C1[N+](=O)[O-])O[C@H]2[C@@H]([C@H]([C@@H]([C@H](O2)CO)O)O)O,0
CCN(CC(CS(=O)(=O)[O-])O)C1=CC=CC(=C1)C.[Na+],0
C1=CC=C2C(=C1)C(=CN2)CCCC(=O)O,0
CC(=O)OC1=CC2=C(C=C1)C3(C4=C(O2)C=C(C=C4)OC(=O)C)C5=CC=CC=C5C(=O)O3,0
CCCCCCC(CCCCCCCCCCC(=O)OCCO)O,0
[Li+].[Li+].[Li+].C(C(=O)[O-])C(CC(=O)[O-])(C(=O)[O-])O.O.O.O.O,0
CC(=O)N(C)C,0
C1=CC=C2C(=C1)C=CC=C2CC(=O)O,0
CC(=O)OCOC(=O)CN(CCOCCOCCN(CC(=O)OCOC(=O)C)CC(=O)OCOC(=O)C)CC(=O)OCOC(=O)C,0
COC1=C(C=CC(=C1)C2=CC(=C(C=C2)N)OC)N.Cl.Cl,0
CCN(CCCS(=O)(=O)[O-])C1=CC(=CC=C1)OC.[Na+],0
CCN1/C(=N/N=C/2\SC3=C(N2CC)C=CC(=C3)S(=O)(=O)O)/SC4=C1C=CC(=C4)S(=O)(=O)O.N.N,0
C1[C@H]2[C@@H]([C@@H](S1)CCCCC(=O)NCCOCCOCCN)NC(=O)N2,0
C1=CC2=C(C=C1[O-])OC3=CC(=O)C=CC3=[N+]2[O-].[Na+],0
CC(=O)O.C1C[C@H](N(C1)C(=O)CN)C(=O)N[C@@H](CCCN=C(N)N)C(=O)N2CCC[C@H]2C(=O)O,0
C1=CC=C(C=C1)C2=NN([N+](=N2)C3=CC=C(C=C3)[N+](=O)[O-])C4=CC=C(C=C4)I.[Cl-],0
CCCCCCC(O)C/C=C\CCCCCCCC(=O)OCC(OC(=O)CCCCCCC/C=C\CC(O)CCCCCC)COC(=O)CCCCCCC/C=C\CC(O)CCCCCC,0
C(CC(=O)N[C@@H](CS)C(=O)NCC(=O)O)[C@@H](C(=O)O)N,0
CNC1=NC=C(C=C1)C2=NC3=C(C=C2)C=C(C=C3)OC[C@@H](CF)O,0
C1CC(CCC1CN2C(=O)C=CC2=O)C(=O)ON3C(=O)CC(C3=O)S(=O)(=O)[O-].[Na+],0
CC(=O)O.C(C(C(C(C(C=O)O)O)O)O)O.[Na],0
CC(C)S[C@H]1[C@@H]([C@H]([C@H]([C@H](O1)CO)O)O)O,0
C1[C@@H]([C@H](O[C@H]1N2C=CC(=NC2=O)N)COP(=O)(O)OP(=O)(O)OP(=O)(O)O)O,0
C1=CC(=C(C=C1NC(=O)CC[C@@H](C(=O)O)N)C(=O)O)[N+](=O)[O-].N,0
C1CSC2=N[C@H](CN21)C3=CC=C(C=C3)Br.C(=O)(C(=O)O)O,0
C[N+]1=C2C=CC=C(C2=NC3=CC=CC=C31)OC.COS(=O)(=O)[O-],0
COC1=C(C=CC(=C1)[N+](=O)[O-])[N+]2=NC(=NN2C3=CC=C(C=C3)[N+](=O)[O-])C4=C(C=C(C=C4)S(=O)(=O)[O-])S(=O)(=O)[O-].[Na+],0
C1=CC=C(C(=C1)N(CC(=O)O)CC(=O)O)OCCOC2=CC=CC=C2N(CC(=O)O)CC(=O)O,0
C1=CC(=C(C=C1SSC2=CC(=C(C=C2)[N+](=O)[O-])C(=O)O)C(=O)O)[N+](=O)[O-],0
C1[C@H]2[C@@H]([C@@H](S1)CCCCC(=O)NCCCCCC(=O)NN)NC(=O)N2,0
COC1=CC(=CC(=C1)NCC(CS(=O)(=O)[O-])O)OC.[Na+],0
C1=C(C(=C(C(=C1Br)O)Br)C(=O)O)Br,0
C1=CC(=C(C2=C1NC=C2O[C@H]3[C@@H]([C@H]([C@H]([C@H](O3)CO)O)O)O)Cl)Br,0
CC(=O)O[C@@H]1[C@@H](SC2=CC=CC=C2N(C1=O)CCN(C)C)C3=CC=C(C=C3)OC.Cl,0
CC(C)(C1=CN(C(=N1)C(C)(C)C2=C(C=CC=C2Cl)Cl)C3=C(C=C(C=C3)C4=CC(=C(C(=C4)S(=O)(=O)C)CO)F)F)O,0
[2H]C1(C(N(C(C(N1[C@H]2C[C@H](NC2)C(=O)N3CCSC3)([2H])[2H])([2H])[2H])C4=CC(=NN4C5=CC=CC=C5)C)([2H])[2H])[2H],0
CC(C)(C)C1=CC=C(C=C1)CN(CC2=CC(=CC=C2)OCC(=O)O)S(=O)(=O)C3=CN=CC=C3,0
CC1=C(C(C(=C(N1)C)P2(=O)OCC(CO2)(C)C)C3=CC(=CC=C3)[N+](=O)[O-])C(=O)OCCN(CC4=CC=CC=C4)C5=CC=CC=C5.Cl,0
CCCCC1=NC(=C(C(=O)N1CC2=CC=C(C=C2)C3=CC=CC=C3C4=NNN=N4)CC(=S)N(C)C)C,0
CS(=O)(=O)NCCN1CCC(CC1)CCC(=O)C2=CC(=C(C3=C2OCCO3)N)Cl,0
CCCCC1=NC2(CCCC2)C(=O)N1CC3=CC=C(C=C3)C4=CC=CC=C4C5=NNN=N5,0
CCCCCC1=CC=C(C=C1)/C=C/C(=O)NC2=CC=CC=C2C(=O)O,0
CC1=CC(=CC(=C1)C(=O)N(C)[C@H](CC2=CC=C(C=C2)C3=CC=CC=C3)C(=O)N[C@@H](CC4=CNC5=CC=CC=C54)C(=O)O)C,0
CC1=C(C=CC(=C1)CN2C=NC3=C2C[C@H](N(C3)C(=O)C(C4=CC=CC=C4)C5=CC=CC=C5)C(=O)O)N(C)C.C(=O)(C(F)(F)F)O.C(=O)(C(F)(F)F)O,0
CCCCCCC[N+]1=CC=C(C=C1)C2=CC=[N+](C=C2)CCCCCCC.[Br-].[Br-],0
CCOC(=O)COC1CCN(CC1)C(=O)[C@H](C)NC(=O)C2=CC=C(C=C2)/C(=N/O)/N,0
CN1CCSC2=C(C1)C=C(C=C2)OC.Cl,0
[2H]C1=C(C(=C(C(=C1[2H])[2H])CC[C@@H](C(=O)OCC)N[C@H]2CS[C@@H](CN(C2=O)CC(=O)O)C3=CC=CS3)[2H])[2H],0
C/C=C(/C)\C(=O)O[C@H]1[C@H](C2=C(C=CC3=C2OC(=O)C=C3)OC1(C)C)OC(=O)CC(C)C,0
CC1=CC(=C2C(=C1)[C@H](CCCN2CC3CCC(CC3)C(=O)O)N(CC4=CC(=CC(=C4)C(F)(F)F)C(F)(F)F)C5=NN(N=N5)C)C,0
COC(=O)NC1=C(N=C(N=C1N)C2=NN(C3=C2C=C(C=N3)F)CC4=CC=CC=C4F)N,0
C([C@H]([C@H]([C@@H](C(=O)COP(=O)(O)[O-])O)O)O)OP(=O)([O-])[O-].[Na+].[Na+].[Na+],0
CC(=CCC/C(=C/CC/C(=C/CC/C=C(/CC/C=C(/CCC=C(C)C)\C)\C)/C)/C)C,0
CC1(C2CCC1(C(C2)O)C)C,0
C[C@]12CC/C(=N\OCCN)/C[C@@H]1C(=O)C[C@@H]3[C@@H]2CC[C@]4([C@H]3CCC4=O)C.Cl,0
CC\1=NC2=CC=CC=C2/C1=C/C3=C(NC(=S)N3)O,0
C1CC1C2=C(C=NN2C3=CC=CC4=C3C=CC=N4)C(=O)N=C(N)N.Cl,0
CCCCCCCCCCCCCCCCNC1=CC=C(C=C1)C(=O)O,0
C1C2=C(C3=CC=CC=C3S1)NC4=CC=CC=C24,0
CCCC[C@@H](C(=O)N[C@@H]([C@@H](C)CC)C(=O)N[C@@H](CCC(=O)O)C(=O)N[C@@H]([C@@H](C)CC)C(=O)N[C@@H](CCC(=O)O)C(=O)N[C@@H](CCCCN)C(=O)N[C@@H](CCC(=O)N)C(=O)N[C@@H](CCC(=O)O)C(=O)N[C@@H](CCCCN)C(=O)N[C@@H](CCC(=O)O)C(=O)N[C@@H](CCCCN)C(=O)N[C@@H](CCC(=O)N)C(=O)N[C@@H](CCC(=O)N)C(=O)N[C@@H](C)C(=O)N[C@@H](C)C(=O)N[C@@H](CC(=O)N)C(=O)N[C@@H](CC(=O)N)C(=O)N[C@@H](CCCNC(=N)N)C(=O)N[C@@H](CC(C)C)C(=O)N[C@@H](CC(C)C)C(=O)N[C@@H](CC(C)C)C(=O)N[C@@H](CC(=O)O)C(=O)N[C@@H]([C@@H](C)O)C(=O)N[C@@H]([C@@H](C)CC)C(=O)N)NC(=O)[C@H](CCCCN)NC(=O)[C@H](CCCNC(=N)N)NC(=O)[C@H](CC(C)C)NC(=O)[C@H](CC(C)C)NC(=O)[C@H](CC1=CNC=N1)NC(=O)[C@@H](CC2=CC=CC=C2)N,0
CC(CCC1=CC=C(C=C1)O)NCCC2=CC(=C(C=C2)O)O.Cl,0
CCOC(=O)[C@H](CCC1=CC=CC=C1)N[C@@H](C)C(=O)N2CC3=CC(=C(C=C3C[C@H]2C(=O)O)OC)OC.Cl,0
CCOC(=O)[C@H](CCC1=CC=CC=C1)N[C@@H](C)C(=O)N2[C@@H](SC(=N2)C(C)(C)C)C(=O)O,0
C1=CC(=C2C(=C1O)OC3=CC(=CC(=C3C2=O)O)O)O[C@H]4[C@@H]([C@H]([C@@H]([C@H](O4)CO)O)O)O,0
CC1CC[C@]2(C(C3C(O2)CC4C3(CCC5C4CCC6C5(CC([C@H](C6)O[C@@H]7[C@H]([C@@H]([C@@H]([C@@H](O7)CO)O)O)O[C@@H]8[C@H]([C@@H]([C@H]([C@@H](O8)CO)O)O)O)O)C)C)C)OC1,0
[2H]C([2H])([2H])OC(=O)C1=C(NC(=C(C1C2=CC=CC3=NON=C32)C(=O)OC(C)C)C)C,0
C1CN(CCN1C2=CC=C(C=C2)OC(F)(F)F)C(CC(=O)NC3=CC=C(C=C3)Cl)CO,0
COC1=C(C=C(C=C1)CCNCC(COC2=CC(=C(C=C2)O)O)O)OC.Cl,0
C[C@H](CCC(=O)O)[C@H]1CC(=O)[C@@]2([C@@]1([C@@H](C(=O)C3=C2C(=O)C[C@@H]4[C@@]3(CCC(=O)C4(C)C)C)OC(=O)C)C)C,0
CN(C1CCCCC1)C(=O)CO/N=C(/C2=CC=CC=C2)\C3=CC4=C(C=C3)N=C5NC(=O)CN5C4,0
CC(CC1=CC(=CC=C1)C(F)(F)F)NCCOC(=O)C2=CC=CC=C2.Cl,0
C[C@H](C1=CC=CC2=CC=CC=C21)NCCCC3=CC(=CC=C3)C(F)(F)F,0
CC1=C(C=CC(=N1)C(F)(F)F)COC2=CC3=C(C(=C2)Cl)C(=CS3)CC(=O)O,0
CCCCCC1=C(N(C2=CC=CC=C21)CC3=CC=CC=C3)C4=CC5=C(C=C4)C=C(C=C5)OCC6=NNN=N6,0
C1=CC(=CC=C1CN(CCCCC(=O)O)CCC2=C(C=CC(=C2)F)OCC3=CC=C(C=C3)C4=CC=C(C=C4)C(F)(F)F)C(=O)O,0
CN[C@@H](C[C@H]1CCCOC1)CNC(=O)N2CCC[C@H](C2)[C@H](C3=CC(=CC=C3)Cl)OCCNC(=O)OC.C(=O)(C(F)(F)F)O,0
CC(C)(C(=O)OCCN1C=NC2=C1C(=O)N(C(=O)N2C)C)OC3=CC=C(C=C3)Cl,0
CC1=C[C@@H]([C@@H]([C@H](C1)C2=C(C=C(C=C2)O)O)C(=O)C3=C(C=C(C=C3)O)O)C4=C(C5=C(C=C4O)OC6(C7=C(C=C(C=C7)O)OC6(C5=O)O)CC=C(C)C)O,0
CO[C@@H]1[C@@H]([C@H](O[C@H]1N2C=NC3=C(N=CN=C32)N)CO)O,0
CC(C)(C)N=C(NC#N)NC1=CC=CC(=C1)/C(=C\CCCC(=O)O)/C2=CN=CC=C2,0
CN1CC(C2=CC(=C(C=C21)O)N=NC(=O)N)O,0
C1C[C@H](CN(C1)C(=N)N)CNC(=O)C[C@@H](C(=O)N(CC(=O)O)C2CC2)NS(=O)(=O)C3=CC4=CC=CC=C4C=C3.O,0
CC[C@H](C)[C@@H](C(=O)N[C@@H](CC1=CN=CN1)C(=O)N2CCC[C@H]2C(=O)O)NC(=O)[C@H](CC3=CC=C(C=C3)O)NC(=O)[C@H](C(C)C)NC(=O)[C@H](CCCN=C(N)N)NC(=O)[C@H](C)N,0
CC1=C(C(C(=C(N1)C)C(=O)OCC(C)(C)CN2CCN(CC2)CC=C)C3=CC(=CC=C3)[N+](=O)[O-])C(=O)OC,0
C1=CC=NC(=C1)C2=CSC(=N2)NC3=CC=CC=N3,0
C[C@H]([C@@H](C(=O)N[C@@H](CC1=CC=CC=C1)C(=O)N[C@@H](CC(C)C)C(=O)N[C@@H](CC(C)C)C(=O)N[C@@H](CCCN=C(N)N)C(=O)N)N)O,0
C[C@@]1(CCC[C@]2(C1)CN(C(=O)O2)C3=NC=C(N=C3)C(C)(C)O)CN4C=NC5=C4C=C(C=C5)C#N,0
C1CCC(CC1)N2C(=O)C(C(=O)N(C2=O)C3CCCCC3)C(=O)NCC(=O)O,0
COC(=O)/C=C/1\C(=O)N(C(=NC(=O)C2=C(C=C(C=C2)Cl)Cl)S1)C3=CC=C(C=C3)Cl,0
CN1C2=C(C(=O)N(C1=O)C)N(C=N2)CCNCC(C3=CC(=C(C=C3)O)O)O,0
C[C@@H]1CC[C@@]2([C@H]([C@H]3[C@@H](O2)C[C@@H]4[C@@]3(CC[C@H]5[C@H]4CC=C6[C@@]5([C@@H](C[C@@H](C6)O)O)C)C)C)OC1,0
C1CC(=O)NN=C1/C=C/C2=CC=NC=C2,0
C1COCC(=O)N1C2=CC=C(C=C2)N3C[C@H](OC3=O)CNC(=O)C4=CC=C(S4)Cl,0
C1=CC(=C(C=C1O)O)O,0
COC(=O)[C@H](C1=CC=CC=C1Cl)N2CCC3=C(C2)C=CS3.OS(=O)(=O)O,0
CC(C)(C)C1=CC=C(C=C1)S(=O)(=O)NC2=C(C(=NC(=N2)C3=NC=CC=N3)OCCO)OC4=CC=CC=C4OC.O,0
CN1C2=C(C(=O)N(C1=O)C)N(C=N2)CCO,0
COC1=C(C=C(C=C1)[C@@H]2C3=C(C[C@H](N2)C(=O)O)C4=CC=CC=C4N3)CN5CCN(CC5)C6=CC=CC=C6F,0
CC(=C)[C@H](CCC(C)(C)O)CC1=C2C(=C(C=C1O)OC)C(=O)C[C@H](O2)C3=C(C=C(C=C3)O)O,0
CCN(CC)CCCN(C1CC2=CC=CC=C2C1)C3=CC=CC=C3.Cl,0
C1=CC(=CC=C1CNC2=C3C(=NC=N2)N(C=N3)[C@H]4[C@@H]([C@@H]([C@H](O4)CO)O)O)O,0
COC1=CC=CC(=C1)C(=O)CSC\2CCN(C/C2=C/C(=O)O)C(C3=CC=CC=C3F)C(=O)C4CC4,0
CC1=C(C2=CC=CC=C2C(=C1OC(=O)C3=CC=C(C=C3)N)O)O,0
CCCC1=NC(=C(N1CC2=CC=C(C=C2)C3=CC=CC=C3C4=NNN=N4)C(=O)OCC5=C(OC(=O)O5)C)C(C)(C)O,0
COC1=C(C=C(C=C1)CC(=O)OC)OC,0
CC(C)NC(=O)C1=NO[N+](=C1C(=O)NC(C)C)[O-],0
CC(=O)OC[C@@]1([C@H](CC[C@]2([C@H]1C[C@@H]([C@@]3([C@@H]2[C@H](C4=C(O3)C=C(OC4=O)C5=CN=CC=C5)O)C)OC(=O)C)C)OC(=O)C)C,0
CCOC(=O)[C@H](CCC1=CC=CC=C1)N[C@@H](C)C(=O)N2CCC[C@H]2C(=O)O.C(=C\C(=O)O)\C(=O)O,0
COC1=C2C(=CC(=C1)O)C=CC3=C2C(=CC=C3)O,0
C1[C@H](N([C@H](S1)C2=CC=CC=C2O)C(=O)CCS)C(=O)O,0
C[N+](C)(C)NCCC(=O)[O-].O.O,0
C1CC1CON2C3=CC=CC=C3C(=C(C2=O)C(=O)NCC(=O)O)O,0
CC(C)NCC(COC1=CC=CC2=C1N(CCC2)C(=O)C3=CN=CC=C3)O,0
C1CNC(C2=CC(=C(C=C21)O)O)CC3=CC=CC4=CC=CC=C43.Br,0
C1=CC=C(C=C1)N2C(=O)C(=C(N2)C3=CC=C(C=C3)[N+](=O)[O-])N=NC4=CC=C(C=C4)S(=O)(=O)[O-].[Na+],0
CC1NC2=CC(=C(C=C2C(=O)N1C3=CC=CC=C3C)S(=O)(=O)N)Cl,0
C1COCCN1S(=O)(=O)C2=CC=C(C=C2)NC(=O)C3=C(C=CC(=C3)Cl)NS(=O)(=O)C4=CC=C(S4)Cl,0
CC(CCCN)NC1=C2C=CC(=CC2=NC=C1)Cl,0
CCC1=CC=C(C=C1)S(=O)(=O)NC2=CC(=NN2C3=CC=CC=C3)C4=CC=CS4,0
C1=CC=C2C(=C1)C(=O)C3=C(C2=O)C(=C(C=C3NC4=CC(=C(C=C4)NC5=NC(=NC(=N5)NC6=CC(=CC=C6)S(=O)(=O)O)Cl)S(=O)(=O)O)S(=O)(=O)O)N,0
CC1=CC2=C(C=C1)N=C3[C@](C2=O)(CCN3C4=CC=CC=C4)O,0
C1CN(CCN1CC(=O)NC2=CC=CC3=C2CNC3=O)C(=O)[C@H]4[C@@H]([C@@H]([C@H](O4)N5C=NC6=C(N=CN=C65)N)O)O,0
CCCCCCC(COC(=O)C1=CN=CC=C1)(COC(=O)C2=CN=CC=C2)COC(=O)C3=CN=CC=C3,0
C1=CC=C(C=C1)NC2=CC(=CC=C2)Cl,0
CN=C(NCCSCC1=CSC(=N1)N=C(N)N)NC#N,0
C[C@]12CC[C@@H](C[C@H]1CC[C@@H]3[C@@H]2CC[C@]4([C@@]3(CC[C@@]4(C5=COC=C5)O)O)C)O,0
CC1=C(C(C(=C(N1)C)C(=O)OCCC2=CC=C(C=C2)N3CCN(CC3)C(C4=CC=CC=C4)C5=CC=CC=C5)C6=CC(=CC=C6)[N+](=O)[O-])C(=O)OC.Cl,0
CN1CC(C2=CC(=O)C(=O)C=C21)O,0
C1CC(=O)NN=C1C2=CC=C(C=C2)NC3=CC=NC=C3,0
C1CCC(CC1)N2CCN(CC2)C3=C(N=C(S3)NC(=O)C4=CC(=C(N=C4)N5CCC(CC5)C(=O)O)Cl)C6=CC(=CS6)Cl.Cl,0
C[C@H]([C@@H](C1=CC=C(C=C1)Cl)C(=O)NC2=C(C=CC(=C2)[C@@H](CC(=O)O)C3CC3)Cl)C(F)(F)F,0
CN1CCCCC1CCC2=CC=CC=C2NC(=O)C3=CC=C(C=C3)OC.Cl,0
CCCC(=O)NC1=CC(=C(C=C1)OCC(CNCCC2=CC(=C(C=C2)OC)OC)O)C3=CC=NO3,0
[2H]C([2H])(C([2H])([2H])OC1=CC=C(C=C1)NS(=O)(=O)C)N(C)CCC2=CC=C(C=C2)NS(=O)(=O)C,0
CO[C@@H]1[C@@H]([C@H]([C@@H]([C@H](O1)COS(=O)(=O)[O-])O[C@H]2[C@@H]([C@H]([C@@H]([C@@H](O2)C(=O)[O-])O[C@@H]3[C@@H]([C@H]([C@@H]([C@H](O3)COS(=O)(=O)[O-])O[C@H]4[C@@H]([C@H]([C@@H]([C@H](O4)C(=O)[O-])O[C@@H]5[C@@H]([C@H]([C@@H]([C@H](O5)COS(=O)(=O)[O-])O)O)NS(=O)(=O)[O-])O)O)OS(=O)(=O)[O-])NS(=O)(=O)[O-])O)OS(=O)(=O)[O-])O)NS(=O)(=O)[O-].[Na+].[Na+].[Na+].[Na+].[Na+].[Na+].[Na+].[Na+].[Na+].[Na+],0
CC(CCO)O,0
COC1=C(C=C(C=C1)CCNC[C@@H](C2=CC=C(C=C2)O)O)OC,0
C([C@@H](C(=O)O)N)C(=O)O,0
CN(C)CCCOC1(CCCCCC1)CC2=CC=CC=C2,0
CN1C(=CC(=O)N(C1=O)C)NCCN(CCCC2=CC=C(C=C2)[N+](=O)[O-])CCO.Cl,0
CN(CCCN1CCC2=CC(=C(C=C2CC1=O)OC)OC)CCC3=CC(=C(C=C3)OC)OC.Cl,0
COC1=CC=C(C=C1)N2C3=C(CCN(C3=O)C4=CC=C(C=C4)N5CCCCC5=O)C(=N2)C(=O)N,0
CC1=CC2=C(C=C1C)N(C3=NC(=O)NC(=O)C3=N2)C[C@@H]([C@@H]([C@@H](COP(=O)([O-])OP(=O)([O-])OC[C@@H]4[C@H]([C@H]([C@@H](O4)N5C=NC6=C(N=CN=C65)N)O)O)O)O)O.[Na+].[Na+],0
CC1=CC2=C(C(=C1)O[C@H]3[C@@H]([C@H]([C@@H]([C@H](O3)CO)O)O)O)C(=O)C4=C(C2=O)C=C(C=C4O)OC,0
CCCC1=NC(=C(N1CC2=CC=C(C=C2)C3=CC=CC=C3C4=NNN=N4)C(=O)OC)C(C)(C)O,0
CCOC(=O)NC1=CC2=C(C=C1)SC3=CC=CC=C3N2C(=O)CCN4CCOCC4,0
CC(=O)N[C@@H](CC1=CC=CC=C1)C(=O)N[C@H]2CCCNC(=O)[C@@H](NC(=O)[C@@H](NC(=O)[C@H](NC(=O)[C@@H]3CCCN3C2=O)CC4CCCCC4)CC5=CNC6=CC=CC=C65)CCCN=C(N)N,0
CC1=CC(=C(C(=C1)C)NC(=O)N(CC2=CC3=C(C=C2)C4=CC=CC=C4C3)C5CCCCCC5)C,0
CC1=C([C@H](C(=C(N1)C)[N+](=O)[O-])C2=CC=CC=C2C(F)(F)F)C(=O)OC,0
CCC[C@@H](C(=O)OCC)N[C@@H](C)C(=O)N1[C@H]2CCCC[C@H]2C[C@H]1C(=O)O,0
C[N+](CCC1=CC=C(C=C1)NS(=O)(=O)C)(CCOC2=CC=C(C=C2)NS(=O)(=O)C)[O-],0
CC[C@H]1[C@@H]2C[C@@H](CC[C@@]2([C@H]3CC[C@]4([C@H]([C@@H]3[C@H]1O)CC[C@@H]4[C@H](C)CCCO)C)C)O,0
CCCCCCOC(=O)/N=C(/C1=CC=C(C=C1)NCC2=NC3=C(N2C)C=CC(=C3)C(=O)N(CCC(=O)OCC)C4=CC=CC=N4)\N.CS(=O)(=O)O,0
CC(=CCC[C@@](C)([C@H]1CC[C@@]2([C@@H]1[C@@H](C[C@H]3[C@]2(CC[C@@H]4[C@@]3(CC[C@@H](C4(C)C)O[C@H]5[C@@H]([C@H]([C@@H]([C@H](O5)CO)O)O)O)C)C)O)C)O[C@H]6[C@@H]([C@H]([C@@H]([C@H](O6)CO[C@H]7[C@@H]([C@H]([C@@H]([C@H](O7)CO)O)O)O)O)O)O)C,0
CC1=CC=CC=C1CC(CS)C(=O)N[C@@H](CCSC)C(=O)O,0
C1[C@H](OC2=C(C1=O)C=CC(=C2O)O[C@H]3[C@@H]([C@H]([C@@H]([C@H](O3)CO)O)O)O)C4=CC(=C(C=C4)O)O,0
C1[C@H](C(=O)N[C@@H]1COC2=CC=C(C=C2)C3=CC=C(C=C3)C(=N)N)CC(=O)O,0
C(CCN)C[C@@H](C(=O)O)N.Cl,0
CCCCNC1=NC=C(C(=N1)NC2CCC(CC2)O)C(=O)NCC3=CC=C(C=C3)N4C=CN=C4,0
C1CCC(CC1)[C@@H](/C=C/[C@H]2[C@@H](C[C@H]3[C@@H]2C/C(=C/C4=CC(=CC=C4)C(=O)O)/O3)O)O,0
C[C@H](C[C@@H]([C@@H]1C(O1)(C)C)OC(=O)C)C2=C3C[C@@H]([C@H]4[C@]5(CCC(=O)C([C@@H]5CC[C@@]4([C@]3(CC2=O)C)C)(C)C)C)O,0
CCCCC1=NC2(CCCC2)C(=O)N1CC3=CC(=C(C=C3)C4=CC=CC=C4S(=O)(=O)NC5=NOC(=C5C)C)COCC,0
CCC1(CC2=CC=CC=C2O1)C3=NCCN3.Cl,0
CCCCN(CCCC)C(=O)CN1C[C@@H]([C@H]([C@@H]1CC(C)(C)CCC)C(=O)O)C2=CC3=C(C(=C2)OC)OCO3,0
[2H]C([2H])([2H])C([2H])(C([2H])([2H])[2H])NCC(COC1=C(C=C(C=C1)NC(=O)C)C(=O)C)O,0
CCN1C[C@@]2(CCC[C@@]34[C@@H]2C[C@@H](C31)[C@]56[C@H]4[C@H]([C@H](CC5)C(=C)[C@H]6O)O)C,0
CCCCC[C@@H](/C=C/[C@H]1[C@@H](CC(=O)[C@@H]1C/C=C\CCCC(=O)O)O)O,0
[C@@H](C(=O)N[C@@H](CCCCN)C(=O)N[C@@H](CCC(=O)N)C(=O)N[C@@H](C)C(=O)NCC(=O)N[C@@H](CC(=O)O)C(=O)N[C@@H](C(C)C)C(=O)O)NC(=O)CNC(=O)CNC(=O)[C@H](CC(C)C)NC(=O)[C@H](CC1=CN=CN1)NC(=O)[C@H](CC2=CN=CN2)N,0
CC(=O)NC1=CC=C(C=C1)OCCOC(=O)C2=CC=CC=C2OC(=O)C,0
CCNCC.C1=CC(=C(C=C1O)S(=O)(=O)O)O,0
CC(=O)O.C1C[C@H](N(C1)C(=O)[C@@H]2CSSC[C@@H](C(=O)N[C@H](C(=O)N[C@H](C(=O)N[C@H](C(=O)N[C@H](C(=O)N2)CC(=O)N)CCC(=O)N)CC3=CC=CC=C3)CC4=CC=C(C=C4)O)NC(=O)CNC(=O)CNC(=O)CN)C(=O)N[C@@H](CCCCN)C(=O)NCC(=O)N,0
C1=CC=C(C=C1)COC2=CC=C(C=C2)CN(CC3=CC=C(C=C3)F)CC4=NC=C(N4)C(=O)O,0
C[N+](C)(C)CCOP(=O)(O)O.[Cl-],0
C[C@@H]1CC[C@@]2([C@H]([C@]3([C@@H](O2)C[C@@]4([C@@]3(CC[C@H]5[C@H]4CC=C6[C@@]5(CC[C@@H](C6)O[C@H]7[C@@H]([C@H]([C@@H]([C@H](O7)CO)O)O)O[C@H]8[C@@H]([C@@H]([C@H]([C@@H](O8)C)O)O)O)C)C)O)O)C)OC1,0
CC[C@H](C)C(=O)O[C@H]1C[C@@H](C=C2[C@H]1[C@H]([C@H](C=C2)C)CC[C@H](C[C@H](CC(=O)O)O)O)O,0
CC(C)CCCC(C)CCCC(C)CCCC(=C)C=C,0
[2H]C([2H])([2H])[C@@H](CCCC)C[C@@H](/C=C/[C@H]1[C@@H](CC(=O)[C@@H]1CCCC/C=C/C(=O)O)O)O,0
CCOC(=O)COC1=CC2=C(C=C1)C(=O)C=C(O2)C3=CC=CC=C3,0
CC1=C(C(C(=C(N1)C)C(=O)OC(C)(C)CN(C)CCC(C2=CC=CC=C2)C3=CC=CC=C3)C4=CC(=CC=C4)[N+](=O)[O-])C(=O)OC,0
CC1=CC(=O)C2=C(C=C(C=C2O1)OC)O,0
[2H]C([2H])([2H])N(CCC(C1=CC=CC=C1)C2=CC=CC=C2)CC(C)(C)OC(=O)C3=C(NC(=C(C3C4=CC(=CC=C4)[N+](=O)[O-])C(=O)OC)C)C.Cl,0
CCC(C)(C)N=C(N)NC#N,0
CCC(C)C.CCC(CC(C)C1=CC=CC=C1)C2=CC=C(C=C2)C[N+](C)(C)C.N.[Cl-],0
CC1([C@H]([C@@H](C2=C(O1)C=CC(=C2)C#N)N3CCCC3=O)O)C,0
CCN(CC)CCNC(=O)C1=CC=C(C=C1)NS(=O)(=O)C.Cl,0
CC[C@H](C)[C@@H](C(=O)N[C@@H](CO)C(=O)N[C@@H](CC1=CN=CN1)C(=O)N[C@@H](C(C)C)C(=O)N[C@@H](CCCN=C(N)N)C(=O)O)NC(=O)[C@@H]2CCCN2C(=O)[C@H](CC3=CC=CC=C3)NC(=O)[C@H](CO)NC(=O)[C@H](CCCCN)NC(=O)[C@H](CC(=O)O)NC(=O)[C@H](CC4=CC=C(C=C4)O)NC(=O)[C@H](CS)NC(=O)[C@H](C(C)C)N,0
CC(CCC1=CC=C(C=C1)C(=O)N)NCC(C2=CC(=C(C=C2)O)O)O,0
CC(=CC[C@@H]1[C@@](O1)(C)[C@H]2[C@@H]([C@@H](CC[C@]23CO3)OC(=O)NC(=O)CCl)OC)C,0
C/C=C/1\[C@@H](C(=CO[C@H]1O[C@H]2[C@@H]([C@H]([C@@H]([C@H](O2)CO)O)O)O)C(=O)OC)CC(=O)OCCC3=CC(=C(C=C3)O)O,0
CC1=C(C(C(=C(N1)C)C(=O)OCC(=O)C)C2=CC=CC=C2[N+](=O)[O-])C(=O)OC,0
C[C@@H]([C@@H]([C@H]1CNC2=C(N1)C(=O)NC(=N2)N)O)O.Cl.Cl,0
CCOC(=O)[C@H](CCC1=CC=CC=C1)N[C@H]2CS[C@@H](CN(C2=O)CC(=O)O)C3=CC=CS3.Cl,0
C1=CC(=CC=C1C2=CC(=O)C3=C(O2)C(=C(C=C3O)O)[C@H]4[C@@H]([C@H]([C@@H]([C@H](O4)CO)O)O)O)O,0
CC(C)C(=C)CC[C@H]([C@H]1[C@@H](C[C@@]2([C@@]1(CC=C3C2=CC[C@@H]4[C@@]3(CC[C@H](C4(C)C)O)C)C)C)O)C(=O)O,0
CC(C)N(CCCCOCC(=O)O)C1=CN=C(C(=N1)C2=CC=CC=C2)C3=CC=CC=C3,0
C1=CC(=CC=C1N)S(=O)(=O)NC(=O)N,0
C1=CC(=C(C=C1CC(C(=O)[O-])OC(=O)/C=C/C2=C3C(C(OC3=C(C=C2)O)C4=CC(=C(C=C4)O)O)C(=O)OC(CC5=CC(=C(C=C5)O)O)C(=O)[O-])O)O.[Mg+2],0
CN1C[C@H](C2=C(C1)C(=CC(=C2)Cl)Cl)C3=CC(=CC=C3)S(=O)(=O)NCCOCCOCCNC(=O)NCCCCNC(=O)NCCOCCOCCNS(=O)(=O)C4=CC=CC(=C4)[C@@H]5CN(CC6=C5C=C(C=C6Cl)Cl)C,0
CC(C)N(CCC(CCN1CCCCC1)(C2=CC=CC=C2Cl)C(=O)N)C(=O)C,0
C1CC2=C(C1)C(=CC=C2)NC3=NCCN3,0
CC1=C2C=CC3=C(C2=CC=C1)C(=O)C(=O)C(=C3O)C(C)CO,0
CCOC1=NC=C(C2=C1[C@@H](C(=C(N2)C)C(=O)N)C3=C(C=C(C=C3)C#N)OC)C,0
CC(=O)OC1=CC2=C(S1)CCN(C2)C(C3=CC=CC=C3F)C(=O)C4CC4.Cl,0
C1[C@H]([C@H](CN1C(=O)[C@@H]([C@H](CC2=CC=CC=C2)NC(=O)C3=CC4=C(N3)C=CC(=C4)Cl)O)O)O,0
CC(C)[C@H]1C2=C(CC[C@@]1(CCN(C)CCCC3=NC4=CC=CC=C4N3)OC(=O)COC)C=C(C=C2)F,0
C[C@@]1(CSC(=N1)C2=C(C=C(C=C2)O)O)C(=O)O,0
CC(C)N(CCCCOCC(=O)NS(=O)(=O)C)C1=CN=C(C(=N1)C2=CC=CC=C2)C3=CC=CC=C3,0
CCC(C)C1C(=O)NC(C(=O)NC(C(=O)NC(C(=O)NC(C(=O)NC(C(=O)NC(C(=O)NC(C(=O)NC(C(=O)NC(C(=O)NCC(=O)NC(C(=O)NC2CSSCC3C(=O)NC(C(=O)NC(C(=O)NC(C(=O)NC(CSSCC(C(=O)NC(C(=O)NC(C(=O)N4CCCC4C(=O)N5CCCC5C(=O)NC(C(=O)NC(C(=O)NCC(=O)N6CCCC6C(=O)NC(CSSCC(C(=O)NC(C(=O)NC(C(=O)NC(C(=O)NC(C(=O)NC(C(=O)NC(C(=O)NC(C(=O)NC(C(=O)NC(C(=O)NC(C(=O)NC(C(=O)NC(C(=O)N3)CC(=O)O)CCC(=O)O)C)CO)CCCCN)CC7=CC=CC=C7)CC(=O)N)CC(=O)N)CCCNC(=N)N)CCCCN)C)CCCNC(=N)N)NC(=O)CNC(=O)CNC(=O)C(NC(=O)C(NC(=O)C(NC(=O)C(NC(=O)C(NC2=O)CCC(=O)N)C(C)O)CC8=CC=CC=C8)C(C)C)CC9=CC=C(C=C9)O)C(=O)NC(C(=O)NC(C(=O)NC(C(=O)N1)CCCNC(=N)N)C)CCCCN)C(C)O)CC1=CC=C(C=C1)O)CCC(=O)O)CC(C)C)NC(=O)C(CC1=CC=CC=C1)NC(=O)C(CC(=O)O)NC(=O)C1CCCN1C(=O)C(CCCNC(=N)N)N)C(=O)NCC(=O)NCC(=O)NC(C)C(=O)O)C(C)O)CCCNC(=N)N)CCSC)CC(C)C)C)CCCCN)C)CC(=O)N)CC1=CC=C(C=C1)O)CC1=CC=CC=C1)CC1=CC=C(C=C1)O)CCCNC(=N)N)C(C)CC,0
C[C@@H]1CCC[C@@H](C2=NC=CC(=C2)C3=C(C=NN3C(F)F)NC1=O)N4C=NC(=CC4=O)C5=C(C=CC(=C5)Cl)N6C=C(N=N6)Cl,0
C[C@H](C1=CC=CC2=CC=CC=C21)NCCCC3=CC(=CC=C3)C(F)(F)F.Cl,0
C[C@H]1[C@@H]([C@H]([C@H]([C@@H](O1)OC2=C(OC3=C(C2=O)C(=CC(=C3CC=C(C)C)O[C@H]4[C@@H]([C@H]([C@@H]([C@H](O4)CO)O)O)O)O)C5=CC=C(C=C5)OC)O)O[C@H]6[C@@H]([C@H]([C@@H]([C@H](O6)CO)O)O)O)OC(=O)C,0
CCOC(=O)NNC1=NN=CC2=CC=CC=C21,0
CC[C@@H](C(=O)NC1=CC(=C(C=C1)C(=O)N)F)N2C=C(C(=CC2=O)C3=C(C=CC(=C3)Cl)N4C=C(N=N4)C(F)(F)F)OC,0
CN1C(NC2=CC(=C(C=C2S1(=O)=O)S(=O)(=O)N)Cl)CCl,0
CN1CCC2=CC(=C3C=C2[C@@H]1CC4=CC=C(C=C4)OC5=C(C=CC(=C5)C[C@@H]6C7=C(O3)C(=C(C=C7CCN6C)OC)O)OC)OC,0
CCCC(=O)OCOC(=O)C1=C(NC(=C(C1C2=C(C(=CC=C2)Cl)Cl)C(=O)OC)C)C,0
C[C@@H](C1=CC=CC=C1)NC2=CC(=O)N(C(=O)N2)C(C)C,0
COC1=CC(=CC(=C1O[C@H]2[C@@H]([C@H]([C@@H]([C@H](O2)CO)O)O)O)OC)/C=C/CO,0
C[C@@H](C[C@H](C)C(=O)C1=C(C(=C(NC1=O)OC)OC)O)[C@H](CCl)Cl,0
CC1([C@H]2C[C@@H]1C(=O)C=C2/C=C/C3=CC(=C(C(=C3)OC)O)O)C,0
CCCCC1=CC(=C(C=C1)N=CNO)C,0
CC(=CCC1=C(C2=C(C=C1O)OC(=O)C3=C2OC4=C3C=CC(=C4)O)OC)C,0
COC1=C(C2=C(C=C1)[C@@H]3COC4=C([C@@H]3O2)C=CC(=C4)O)OC,0
CN(C)C1=NCC(C1)C2=CC3=CC=CC=C3O2,0
C1CCN(CC1)CC(CO/N=C(/C2=CN=CC=C2)\Cl)O,0
CCC(CC)CC1(CCCCC1)C(=O)NC2=CC=CC=C2SC(=O)C(C)C,0
CC(=O)N1CCC(CC1)C2=C(C=C(C=C2)C(=O)N=C(N)N)C(F)(F)F.Cl,0
CCOC(=O)C1=C(NC(=C(C1C2=CC=CC=C2Cl)C(=O)OC)C)COCCN,0
CN1C(=NN=C1C2=CC=NC=C2)CNC3=CC=CC(=C3)C(=O)NCC4=CC=CC=C4C(F)(F)F,0
C1=CC(=CC=C1C2=CN3C(=NN=C3C(F)(F)F)C=C2)OC(F)(F)F,0
C1=CC=C2C(=C1)C(=O)C=C(O2)C(=O)O,0
CC[C@H]1[C@@H]2C[C@H]3[C@H]4[C@@]5(C[C@@H]([C@H]2[C@H]5O)N3[C@@H]1O)C6=CC=CC=C6N4C,0
B1(OC(=O)CC(O1)(CC(=O)O)C(=O)O)[C@H](CC(C)C)NC(=O)CNC(=O)C2=C(C=CC(=C2)Cl)Cl,0
CC(C)[C@@H]1C(=O)N([C@H](C(=O)O[C@@H](C(=O)N([C@H](C(=O)O[C@@H](C(=O)N([C@H](C(=O)O1)CC2=CC=CC=C2)C)C(C)C)CC3=CC=CC=C3)C)C(C)C)CC4=CC=CC=C4)C,0
CCOC(=O)C1=C(NC(=C(C1C2=CC=CC=C2/C=C/C(=O)OC(C)(C)C)C(=O)OCC)C)C,0
CC(C)N1C(=CC=N1)C2=C(C=CC=N2)COC3=CC=CC(=C3C=O)O,0
CC1=CC(=O)C2=C(C3=C(C(=C2O1)OC)OC=C3)OC,0
C(C(=O)[O-])C(CC(=O)[O-])(C(=O)[O-])O.O.O.[Na+].[Na+].[Na+],0
COC(=O)[C@H](C1=CC=CC=C1Cl)N2CCC3=C(C2)C=CS3,0
CC(C)(C)C1=CC=C(C=C1)S(=O)(=O)NC2=C(C(=NC(=N2)C3=NC=CC=N3)OCCO)OC4=CC=CC=C4OC,0
CCOC(=O)[C@H](CCC1=CC=CC=C1)N[C@H]2CCC3=CC=CC=C3N(C2=O)CC(=O)O.Cl,0
CCN1C[C@@]2(CC[C@@H]([C@@]34[C@@H]2C[C@@H](C31)[C@]5(C[C@@H]([C@H]6C[C@@H]4[C@@]5([C@H]6OC)O)OC)O)OC)OC(=O)C7=CC=CC=C7NC(=O)C.Br,0
[C-]#N.[C-]#N.[C-]#N.[C-]#N.[C-]#N.[N-]=O.[Na+].[Na+].[Fe+4],0
CC1=CC2=C(C=C1S(=O)(=O)N)S(=O)(=O)CCC2,0
CCCCC[C@@H](/C=C/[C@H]1[C@@H](C[C@H]2[C@@H]1C/C(=C/CCCC(=O)O)/C2)O)O,0
CCOC(=O)[C@H](C)C[C@@H](CC1=CC=C(C=C1)C2=CC=CC=C2)NC(=O)CCC(=O)O,0
C1=CC(=CC=C1C(=O)OC2=CC3=C(C=C2)C=C(C=C3)C(=N)N)N=C(N)N,0
CCOC(=O)C1=C(NC(=C(C1C2=C(C(=CC=C2)Cl)Cl)C(=O)OC)C)C,0
C1CCC(CC1)N(C2CCCCC2)C(=O)COC3=CC=CC=C3OCC(=O)N(C4CCCCC4)C5CCCCC5,0
CC1=C(C=CC(=C1NS(=O)(=O)C)Cl)OCC2=NCCN2,0
C([C@@H](C(=O)O)N=C(N)N)S,0
CCOC(=O)[C@H](CCC1=CC=CC=C1)N[C@@H](C)C(=O)N2CCC[C@H]2C(=O)O,0
C[N+](C)(C)NCCC(=O)[O-],0
CS(=O)(=O)N[C@@H](CCCCN)C(=O)NC[C@H](CC1(CCCC1)C(=O)N[C@@H](CC2=CC=C(C=C2)O)C(=O)O)C(=O)O,0
C1COCC(=O)N1C2=CC=C(C=C2)N3C[C@@H](OC3=O)CNC(=O)C4=CC=C(S4)Cl,0
CC1=C(C(C(=C(N1)C)C(=O)OCC(C)(C)CN(C)CC2=CC=CC=C2)C3=C(C=CC(=C3)[N+](=O)[O-])F)C(=O)OC,0
C[C@]12CC[C@@H](C[C@H]1CC[C@@H]3[C@@H]2C(=O)[C@H]([C@]4([C@@]3(CC[C@@H]4C5=COC(=O)C=C5)O)C)O)O,0
C1=CC=C(C=C1)SC2=CC3=C(C=C2)NC(=C3C#N)N,0
